CustomerID,Probability
4927-WWOOZ,92.91
3489-HHPFY,92.87
5150-ITWWB,92.62
6630-UJZMY,92.42
8622-ZLFKO,91.99
0187-QSXOE,91.75
7398-SKNQZ,91.69
8161-QYMTT,91.69
7577-SWIFR,91.41
4912-PIGUY,91.41
0365-BZUWY,91.22
2545-EBUPK,91.17
7668-XCFYV,91.06
7225-CBZPL,91.0
3318-NMQXL,90.89
3096-GKWEB,90.78
6350-XFYGW,90.7
3452-GWUIN,90.48
8739-XNIKG,90.31
9957-YODKZ,90.15
4847-TAJYI,90.09
3462-BJQQA,90.08
4929-XIHVW,89.94
9919-KNPOO,89.92
2077-MPJQO,89.84
9334-GWGOW,89.78
3320-VEOYC,89.72
4115-NZRKS,89.69
1628-BIZYP,89.53
1452-VOQCH,89.52
0021-IKXGC,89.52
7439-DKZTW,89.52
6583-KQJLK,89.51
9094-AZPHK,89.49
9799-CAYJJ,89.4
5995-SNNEW,89.4
2880-FPNAE,89.39
7321-VGNKU,89.36
7363-QTBIW,89.32
4234-XTNEA,89.22
6734-GMPVK,89.19
3422-GALYP,89.19
6969-MVBAI,89.17
8087-LGYHQ,89.16
2215-ZAFGX,89.13
2371-JQHZZ,89.05
1960-UYCNN,89.03
4853-OITSN,88.99
4298-OYIFC,88.94
2789-HQBOU,88.9
5935-FCCNB,88.89
6357-JJPQT,88.85
4090-KPJIP,88.84
4813-HQMGZ,88.77
7044-YAACC,88.7
1393-IMKZG,88.58
1173-XZPYF,88.52
4749-OJKQU,88.51
1197-BVMVG,88.5
4060-LDNLU,88.42
0480-BIXDE,88.39
8775-ERLNB,88.35
0018-NYROU,88.34
2799-ARNLO,88.33
3427-GGZZI,88.21
4395-PZMSN,88.2
7858-GTZSP,88.18
8242-SOQUO,88.17
5429-LWCMV,88.16
0168-XZKBB,88.11
5348-CAGXB,88.1
5956-YHHRX,88.04
2081-VEYEH,87.98
7994-UYIVZ,87.96
9290-SHCMB,87.95
2876-GZYZC,87.93
6229-LSCKB,87.85
3292-PBZEJ,87.8
7392-YYPYJ,87.78
4123-DVHPH,87.71
4445-ZJNMU,87.64
4559-UWIHT,87.62
6986-IXNDM,87.62
6198-RTPMF,87.62
2123-AGEEN,87.54
3317-VLGQT,87.52
2984-AFWNC,87.48
0840-DFEZH,87.48
5382-SOYZL,87.37
8107-KNCIM,87.34
3878-AVSOQ,87.28
7465-ZZRVX,87.27
1640-PLFMP,87.27
9605-WGJVW,87.27
9603-OAIHC,87.27
5542-TBBWB,87.27
9402-ORRAH,87.22
4884-ZTHVF,87.21
2985-FMWYF,87.16
8541-QVFKM,87.08
6507-ZJSUR,87.02
3199-XGZCY,86.99
3030-YDNRM,86.98
8313-NDOIA,86.9
2897-DOVND,86.89
4770-UEZOX,86.88
9717-QEBGU,86.88
4482-EWFMI,86.87
7394-LWLYN,86.85
4566-NECEV,86.82
3338-CVVEH,86.8
3629-ZNKXA,86.78
7354-OIJLX,86.72
2688-BHGOG,86.71
5928-QLDHB,86.65
6860-YRJZP,86.64
1219-NNDDO,86.62
0722-SVSFK,86.61
4301-VVZKA,86.61
9360-OMDZZ,86.6
9633-XQABV,86.5
7245-NIIWQ,86.45
6077-BDPXA,86.44
7206-PQBBZ,86.09
0644-OQMDK,86.08
6116-RFVHN,85.97
5288-AHOUP,85.9
4132-KALRO,85.73
9903-LYSAB,85.72
5399-ZIMKF,85.68
7402-EYFXX,85.66
5760-IFJOZ,85.61
7517-LDMPS,85.6
6215-NQCPY,85.6
5937-EORGB,85.55
1200-TUZHR,85.54
5119-NZPTV,85.47
6851-WEFYX,85.45
1508-DFXCU,85.4
2254-DLXRI,85.35
3420-YJLQT,85.22
3453-RTHJQ,85.21
2905-KFQUV,85.19
8875-AKBYH,85.12
0848-ZGQIJ,85.09
0411-EZJZE,85.08
6030-REHUX,85.06
4521-YEEHE,85.03
0928-XUTSN,85.02
8266-VBFQL,84.98
9121-PHQSR,84.96
5701-YVSVF,84.95
0396-YCHWO,84.95
5091-HFAZW,84.94
6407-UTSLV,84.92
3295-YVUSR,84.92
6856-RAURS,84.88
0258-NOKBL,84.85
3370-HXOPH,84.83
4633-MKHYU,84.82
2439-LYPMQ,84.8
8325-QRPZR,84.8
4291-SHSBH,84.79
0225-ZORZP,84.79
3411-WLRSQ,84.77
7823-JSOAG,84.76
1475-VWVDO,84.73
2107-FBPTK,84.7
1104-TNLZA,84.66
3496-LFSZU,84.59
5628-FCGYG,84.53
6435-SRWBJ,84.51
4647-MUZON,84.46
2754-SDJRD,84.37
2038-OEQZH,84.33
1016-DJTSV,84.3
2041-JIJCI,84.29
5117-IFGPS,84.1
3904-UKFRE,84.09
0793-TWELN,84.05
2674-MIAHT,84.05
8035-PWSEV,84.04
8714-CTZJW,84.04
2665-NPTGL,84.03
1251-STYSZ,84.02
6267-DCFFZ,84.01
6705-LXORM,84.0
6339-YPSAH,83.95
2809-ZMYOQ,83.92
6198-ZFIOJ,83.91
5989-PGKJB,83.86
6918-UMQCG,83.86
8270-RKSAP,83.73
4536-PLEQY,83.72
1226-IENZN,83.62
2135-DQWAQ,83.61
9696-RMYBA,83.56
0674-DGMAQ,83.48
8356-WUAOJ,83.44
2235-DWLJU,83.44
5216-WASFJ,83.42
7590-VHVEG,83.41
0139-IVFJG,83.4
1028-FFNJK,83.27
8709-KRDVL,83.26
4583-PARNH,83.23
8160-HOWOX,83.21
3365-SAIGS,83.2
8132-YPVBX,83.18
9822-OAOVB,83.16
5501-TVMGM,83.16
2740-TVLFN,83.15
0248-IPDFW,83.15
0674-EYYZV,83.14
7379-FNIUJ,83.11
7422-WNBTY,83.1
4716-HHKQH,83.08
8404-GFGCZ,83.03
8873-GLDMH,82.95
9588-OZDMQ,82.89
9279-CJEOJ,82.86
9208-OLGAQ,82.81
4686-UXDML,82.79
5044-LRQAQ,82.77
2373-NTKOD,82.75
5043-TRZWM,82.73
9840-EFJQB,82.73
2262-SLNVK,82.72
6778-YSNIH,82.62
7801-KICAO,82.6
4059-IIEBK,82.56
6833-JMZYP,82.54
0432-CAJZV,82.53
7318-EIVKO,82.52
6242-MBHPK,82.52
5032-MIYKT,82.38
8309-IEYJD,82.38
9617-INGJY,82.38
7315-WYOAW,82.38
1754-GKYPY,82.33
3003-CMDUU,82.29
2080-GKCWQ,82.24
1078-TDCRN,82.22
5442-BHQNG,82.21
5339-PXDVH,82.17
3951-NJCVI,82.15
2504-DSHIH,82.11
6496-JDSSB,82.09
9133-AYJZG,82.02
0988-JRWWP,82.01
4612-SSVHJ,81.98
5405-ZMYXQ,81.95
4450-DLLMH,81.9
9093-FPDLG,81.89
6923-JHPMP,81.87
9506-UXUSK,81.84
4299-SIMNS,81.8
9741-YLNTD,81.79
2959-FENLU,81.78
0817-HSUSE,81.77
4183-MYFRB,81.72
0447-RXSGD,81.69
1666-JXLKU,81.67
4854-CIDCF,81.66
0928-JMXNP,81.62
4815-GBTCD,81.58
6994-KERXL,81.56
5543-QDCRY,81.54
9773-PEQBZ,81.49
3312-UUMZW,81.47
9494-MRNYX,81.47
0196-JTUQI,81.45
3384-CTMSF,81.4
2325-NBPZG,81.4
2800-VEQXM,81.39
3841-CONLJ,81.38
8617-ENBDS,81.38
4029-HPFVY,81.35
4983-CCWMC,81.32
0899-LIIBW,81.31
0581-BXBUB,81.24
8903-WMRNW,81.15
5453-AXEPF,81.15
9885-AIBVB,81.14
3223-DWFIO,81.11
6652-YFFJO,81.09
1399-UBQIU,81.09
5652-MSDEY,81.08
1932-UEDCX,81.06
3518-PZXZQ,81.05
0491-KAPQG,81.04
5879-SESNB,81.0
0315-LVCRK,81.0
2603-HVKCG,81.0
1766-GKNMI,80.98
4741-WWJQZ,80.84
0420-HLGXF,80.8
1751-NCDLI,80.79
5122-CYFXA,80.76
7714-YXSMB,80.74
6260-ONULR,80.73
5899-OUVKV,80.62
1746-TGTWV,80.6
5271-DBYSJ,80.49
2969-QWUBZ,80.47
5233-AOZUF,80.46
0682-USIXD,80.44
1319-YLZJG,80.43
0434-CSFON,80.41
6599-SFQVE,80.39
7426-RHZGU,80.37
1307-ATKGB,80.36
5692-ICXLW,80.31
3420-ZDBMA,80.29
2187-PKZAY,80.27
8104-OSKWT,80.19
9643-YBLUR,80.17
7278-CKDNC,80.13
7351-KYHQH,80.01
3597-MVHJT,80.01
1304-BCCFO,79.94
5760-FXFVO,79.86
7952-OBOYL,79.86
9752-ZNQUT,79.85
8705-WZCYL,79.84
4373-VVHQL,79.84
7365-BVCJH,79.79
8224-DWCKX,79.76
1658-TJVOA,79.76
1302-UHBDD,79.74
5183-SNMJQ,79.73
9050-IKDZA,79.72
3771-PZOBW,79.68
9432-VOFYX,79.64
9129-UXERG,79.63
8543-MSDMF,79.63
2080-CAZNM,79.57
0620-DLSLK,79.49
1436-ZMJAN,79.41
6217-TOWGS,79.4
4998-IKFSE,79.39
0147-ESWWR,79.37
5119-KEPFY,79.28
0650-BWOZN,79.26
5439-WIKXB,79.23
3916-NRPAP,79.22
7077-XJMET,79.21
0224-RLWWD,79.21
6519-CFDBX,79.18
5605-IYGFG,79.16
0958-YHXGP,79.11
0439-IFYUN,79.1
5482-VXSXJ,79.1
7924-GJZFI,79.07
7978-DKUQH,79.03
1769-GRUIK,78.99
5666-CYCYZ,78.95
8630-FJLIB,78.92
6103-BOCOU,78.9
1636-NTNCO,78.87
6719-OXYBR,78.84
8584-KMVXD,78.84
5599-HVLTW,78.83
1212-GLHMD,78.8
8648-PFRMP,78.79
5606-AMZBO,78.78
5226-NOZFC,78.76
0428-IKYCP,78.69
3211-AAPKX,78.68
4690-PKDQG,78.68
5016-IBERQ,78.64
0921-OHLVP,78.62
4480-QQRHC,78.6
7718-RXDGG,78.55
9796-BPKIW,78.51
1101-SSWAG,78.51
0114-PEGZZ,78.47
9355-NPPFS,78.42
2322-VCZHZ,78.39
0096-BXERS,78.39
0570-BFQHT,78.37
8990-ZXLSU,78.37
5022-KVDQT,78.33
8212-CRQXP,78.33
9167-APMXZ,78.26
5916-QEWPT,78.26
2523-EWWZL,78.24
9274-UARKJ,78.21
2697-NQBPF,78.15
7284-BUYEC,78.15
8778-LMWTJ,78.12
6175-IRFIT,78.11
6559-PDZLR,78.09
2831-EBWRN,77.94
8563-OYMQY,77.9
9058-MJLZC,77.88
9927-DSWDF,77.88
9365-SRSZE,77.85
2507-QZPQS,77.79
3703-KBKZP,77.79
7176-WIONM,77.78
0708-LGSMF,77.76
1384-RCUXW,77.76
2424-WVHPL,77.73
8687-BAFGU,77.73
1194-HVAIF,77.7
2971-SGAFL,77.61
8818-DOPVL,77.57
2739-CACDQ,77.54
6907-FLBER,77.51
3956-MGXOG,77.47
4546-FOKWR,77.45
5857-TYBCJ,77.39
8695-ARGXZ,77.35
2203-GHNWN,77.35
0581-MDMPW,77.33
5404-GGUKR,77.31
2468-SJFLM,77.31
7855-DIWPO,77.27
1391-UBDAR,77.22
0749-IRGQE,77.17
9572-WUKSB,77.13
7442-YGZFK,77.08
8849-AYPTR,77.08
2501-XWWTZ,77.06
4137-BTIKL,77.0
3914-FDRHP,76.96
5035-BVCXS,76.92
3995-WFCSM,76.85
6625-UTXEW,76.83
5630-IXDXV,76.72
8490-BXHEO,76.58
3196-NVXLZ,76.56
8040-MNRTF,76.55
4360-PNRQB,76.53
2761-XECQW,76.52
6048-QBXKL,76.45
2916-BQZLN,76.41
1580-BMCMR,76.37
8313-KTIHG,76.33
9552-TGUZV,76.28
3853-LYGAM,76.25
3588-WSTTJ,76.23
7508-SMHXL,76.16
7404-JLKQG,76.15
6522-YRBXD,76.13
3748-FVMZZ,76.11
2832-KJCRD,76.11
5650-YLIBA,76.08
2931-FSOHN,76.07
0869-PAPRP,76.06
2637-FKFSY,76.04
0577-WHMEV,76.0
3002-WQZWT,75.98
9921-QFQUL,75.96
1941-HOSAM,75.96
3955-JBZZM,75.95
8456-QDAVC,75.95
4468-KAZHE,75.93
1833-TCXKK,75.89
3717-OEAUQ,75.88
0082-OQIQY,75.85
7011-CVEUC,75.85
3312-ZWLGF,75.74
0599-XNYDO,75.65
9529-OFXHY,75.62
3050-GBUSH,75.58
2692-BUCFV,75.57
7901-HXJVA,75.55
2823-LKABH,75.52
8819-IMISP,75.5
7339-POGZN,75.48
0093-EXYQL,75.35
7562-UXTPG,75.31
1730-ZMAME,75.3
9398-MMQTO,75.28
0376-OIWME,75.26
3966-HRMZA,75.23
7853-OETYL,75.21
9518-XXBXE,75.21
7852-LECYP,75.18
5173-WXOQV,75.12
3234-VKACU,75.1
6402-EJMWF,75.1
7126-RBHSD,75.08
2974-GGUXS,75.07
6693-FRIRW,75.03
8486-AYEQH,74.94
6034-YMTOB,74.87
2604-IJPDU,74.83
9979-RGMZT,74.83
6859-RKMZJ,74.62
0221-WMXNQ,74.59
2694-CIUMO,74.54
6377-WHAOX,74.51
7586-ZATGZ,74.5
5647-FXOTP,74.48
2675-DHUTR,74.45
2874-YXVVA,74.45
9053-EJUNL,74.42
7129-ACFOG,74.38
5144-TVGLP,74.38
5356-CSVSQ,74.36
4570-QHXHL,74.36
5950-AAAGJ,74.3
0430-IHCDJ,74.28
1536-HBSWP,74.28
3716-UVSPD,74.27
3481-JHUZH,74.27
4128-ETESU,74.24
2782-LFZVW,74.21
1100-DDVRV,74.21
7048-GXDAY,74.17
6218-KNUBD,74.13
3088-LHEFH,74.08
2988-PLAHS,74.06
1230-QAJDW,74.01
6458-CYIDZ,74.01
4062-HBMOS,73.91
6212-ATMLK,73.84
5533-NHFRF,73.83
0541-FITGH,73.78
5568-DMXZS,73.76
7798-JVXYM,73.75
1335-NTIUC,73.74
4238-JSSWH,73.7
5175-WLYXL,73.69
2227-JRSJX,73.68
4226-KKDON,73.66
6692-YQHXC,73.61
6557-BZXLQ,73.61
1173-NOEYG,73.58
2070-XYMFH,73.48
0410-IPFTY,73.48
3352-ALMCK,73.47
1471-GIQKQ,73.46
3587-PMCOY,73.46
4065-JJAVA,73.45
6185-TASNN,73.44
4706-DGAHW,73.44
1942-OQFRW,73.44
8720-RQSBJ,73.44
1478-VPOAD,73.44
6635-CPNUN,73.43
2085-BOJKI,73.41
4195-NZGTA,73.38
4931-TRZWN,73.37
2800-QQUSO,73.32
8645-KWHJO,73.31
0212-ISBBF,73.31
8785-CJSHH,73.28
9620-ENEJV,73.27
8189-XRIKE,73.26
3137-LUPIX,73.25
2582-FFFZR,73.23
3737-XBQDD,73.21
8012-SOUDQ,73.21
5222-IMUKT,73.19
9508-ILZDG,73.17
8887-IPQNC,73.1
5626-MGTUK,73.07
7567-ECMCM,73.07
4581-LNWUM,73.01
1845-ZLLIG,72.99
7658-UYUQS,72.99
6127-IYJOZ,72.97
5133-POWUA,72.97
3566-HJGPK,72.97
2275-RBYQS,72.97
8950-MTZNV,72.97
8710-YGLWG,72.97
8180-AKMJV,72.97
0082-LDZUE,72.97
3961-SXAXY,72.97
9214-EKVXR,72.97
6650-VJONK,72.97
6135-OZQVA,72.96
6078-VESFR,72.93
7537-RBWEA,72.91
4367-NHWMM,72.91
1818-ESQMW,72.8
4465-VDKIQ,72.74
6481-ESCNL,72.68
3798-EPWRR,72.66
4537-DKTAL,72.66
1728-BQDMA,72.65
5019-GQVCR,72.64
5960-MVTUK,72.63
4280-DLSHD,72.58
1346-UFHAX,72.58
1907-YLNYW,72.56
4236-UJPWO,72.54
8993-IZEUX,72.53
9714-EDSUC,72.47
8272-ONJLV,72.46
3345-PBBFH,72.43
6704-UTUKK,72.42
0916-QOFDP,72.37
2122-YWVYA,72.34
1855-AGAWH,72.33
6789-HJBWG,72.27
1849-RJYIG,72.27
3323-CPBWR,72.26
2587-EKXTS,72.26
5129-JLPIS,72.24
5365-LLFYV,72.24
9992-UJOEL,72.2
2495-KZNFB,72.2
7030-NJVDP,72.19
5968-VXZLG,72.19
3278-FSIXX,72.15
5515-RUGKN,72.13
9944-AEXBM,72.12
6243-OZGFH,72.1
9638-JIQYA,72.07
1310-QRITU,72.07
5461-QKNTN,72.04
4080-IIARD,72.03
6486-LHTMA,72.02
1035-IPQPU,72.02
5392-AKEMH,72.01
4553-DVPZG,71.99
9278-VZKCD,71.94
7233-DRTRF,71.91
7460-ITWWP,71.91
3733-LSYCE,71.9
0374-IOEGQ,71.85
2347-WKKAE,71.84
1550-EENBN,71.84
7967-HYCDE,71.81
2018-QKYGT,71.73
9793-WECQC,71.73
9743-DQKQW,71.72
5168-MSWXT,71.72
4522-AKYLR,71.71
8096-LOIST,71.68
5609-IMCGG,71.56
9469-WEJBT,71.56
0365-GXEZS,71.54
0141-YEAYS,71.52
0106-GHRQR,71.5
4619-EVPHY,71.49
2272-UOINI,71.47
1482-OXZSY,71.47
9026-LHEVG,71.44
5153-RTHKF,71.44
9699-UBQFS,71.33
0666-UXTJO,71.32
4273-MBHYA,71.3
3987-KQDDU,71.22
4760-THGOT,71.19
5895-QSXOD,71.19
9169-BSVIN,71.17
7895-VONWT,71.14
7020-OZKXZ,71.13
7982-VCELR,71.12
2257-BOVXD,71.08
2675-OTVVJ,71.07
3688-FTHLT,71.05
1465-LNTLJ,71.01
7901-TBKJX,70.94
5424-RLQLC,70.85
2105-PHWON,70.68
5949-HGVJL,70.68
4257-GAESD,70.68
9777-WJJPR,70.67
6339-DKLMK,70.67
1469-LBJQJ,70.61
9348-YVOMK,70.59
3665-JATSN,70.5
9272-LSVYH,70.49
7410-OIEDU,70.48
0463-ZSDNT,70.45
2378-VTKDH,70.45
6862-CQUMB,70.42
2657-VPXTA,70.36
9450-TRJUU,70.34
3191-CSNMG,70.32
7181-OQCUT,70.32
4526-ZJJTM,70.31
2960-NKRSO,70.3
7129-CAKJW,70.29
9667-TKTVZ,70.28
1928-BXYIV,70.19
4727-MCYZG,70.15
2103-ZRXFN,70.14
1910-FMXJM,70.14
6614-VBEGU,70.13
9108-EJFJP,70.11
7401-RUBNK,70.09
0356-ERHVT,70.01
0585-EGDDA,69.97
2792-LSHWX,69.95
2038-LLMLM,69.94
7055-HNEOJ,69.89
9168-INPSZ,69.87
3969-GYXEL,69.87
1013-QCWAM,69.84
7929-DMBCV,69.81
4680-KUTAJ,69.76
1635-FJFCC,69.72
3014-WJKSM,69.64
6075-SLNIL,69.63
9576-SYUHJ,69.58
6745-JEFZB,69.46
3094-JOJAI,69.45
5649-RXQTV,69.4
0177-PXBAT,69.39
6710-HSJRD,69.38
8654-DHAOW,69.33
5886-VLQVU,69.24
6416-YJTTB,69.23
3005-TYFRD,69.17
0311-QYWSS,69.12
2474-LCNUE,69.12
1608-GMEWB,69.08
5712-AHQNN,69.07
7145-FEJWU,69.07
2476-YGEFM,69.03
4718-DHSMV,69.02
5331-RGMTT,68.92
2786-GCDPI,68.88
3466-RITXD,68.88
1320-REHCS,68.87
2178-PMGCJ,68.87
4391-LNRXK,68.87
5438-QMDDL,68.82
0468-YRPXN,68.8
4636-JGAAI,68.79
3082-VQXNH,68.79
6985-HAYWX,68.79
9732-EQMWY,68.77
6786-OBWQR,68.75
6542-LWGXJ,68.74
6591-QGOYB,68.74
8544-GOQSH,68.71
1564-HJUVY,68.66
9261-WDCAF,68.63
0003-MKNFE,68.57
0829-XXPLX,68.53
7268-IGMFD,68.48
9631-XEYKE,68.47
5816-SCGFC,68.46
0641-EVBOJ,68.42
2921-XWDJH,68.37
7529-ZDFXI,68.34
9281-OFDMF,68.27
4109-CYRBD,68.23
0015-UOCOJ,68.22
6729-GDNGC,68.19
8751-EDEKA,68.16
4220-TINQT,68.15
8242-JSVBO,68.14
7905-TVXTA,68.09
9761-XUJWD,68.06
7277-OZCGZ,68.05
6988-CJEYV,67.97
0295-QVKPB,67.96
1685-BQULA,67.85
0822-QGCXA,67.84
3197-ARFOY,67.83
4860-IJUDE,67.78
3714-NTNFO,67.75
3446-QDSZF,67.74
9547-ITEFG,67.73
2432-TFSMK,67.62
2277-VWCNI,67.61
6646-JPPHA,67.58
4811-JBUVU,67.57
4329-YPDDQ,67.48
3873-NFTGI,67.39
6259-WJQLC,67.37
9314-IJWSQ,67.32
9774-NRNAU,67.32
5118-MUEYH,67.31
1169-WCVAK,67.24
7504-UWHNB,67.19
2573-GYRUU,67.14
1228-ZLNBX,67.08
7813-ZGGAW,67.05
5839-SUYVZ,66.91
7421-ZLUPA,66.82
8982-NHAVY,66.8
1353-LJWEM,66.79
2277-DJJDL,66.75
6464-KEXXH,66.69
7130-YXBRO,66.63
8468-EHYJA,66.6
7554-AKDQF,66.54
2027-WKXMW,66.54
7272-QDCKA,66.37
0856-NAOES,66.33
0508-OOLTO,66.26
5402-HTOTQ,66.25
8229-MYEJZ,66.22
7876-BEUTG,66.22
3569-EDBPQ,66.21
3589-PPVKW,66.21
6429-SHBCB,66.11
5146-CBVOE,66.1
8058-DMYRU,66.08
2712-SYWAY,66.03
0730-KOAVE,65.97
1025-FALIX,65.92
1421-HCERK,65.92
8158-WPEZG,65.91
5419-JKZNQ,65.87
2067-QYTCF,65.79
3351-NGXYI,65.78
6741-EGCBI,65.69
3055-MJDSB,65.68
1803-BGNBD,65.65
5172-MIGPM,65.62
9780-FKVVF,65.58
0380-NEAVX,65.56
3583-KRKMD,65.54
6844-DZKRF,65.48
6143-JQKEA,65.48
3808-HFKDE,65.46
1548-FEHVL,65.45
0455-XFASS,65.45
0374-AACSZ,65.37
7312-XSBAT,65.37
8286-AFUYI,65.37
9244-ZVAPM,65.34
7754-IXRMC,65.34
6582-OIVSP,65.34
3413-BMNZE,65.34
7252-NTGSS,65.34
2672-OJQZP,65.34
4146-SVFUD,65.33
5858-EAFCZ,65.33
6145-NNPNO,65.33
1895-QTKDO,65.33
1596-OQSPS,65.3
5302-BDJNT,65.3
4993-JCRGJ,65.29
6158-HDPXZ,65.27
2209-XADXF,65.27
9895-VFOXH,65.27
3439-GVUSX,65.27
9659-QEQSY,65.16
4320-QMLLA,65.16
1848-LBZHY,65.1
0867-LDTTC,65.08
1728-CXQBE,65.07
3692-JHONH,65.05
6537-QLGEX,64.99
5213-TWWJU,64.92
9584-EXCDZ,64.91
8167-GJLRN,64.89
7794-JASDG,64.83
6888-SBYAI,64.83
8757-TFHHJ,64.83
0623-GDISB,64.82
8782-LKFPK,64.82
8725-JEDFD,64.81
1427-VERSM,64.76
6362-QHAFM,64.72
6137-NICCO,64.63
3503-TYDAY,64.63
4026-SKKHW,64.59
5778-BVOFB,64.59
1763-WQFUK,64.57
2181-UAESM,64.57
9873-MNDKV,64.56
9029-FEGVJ,64.54
1357-BIJKI,64.53
6817-WTYHE,64.52
4223-WOZCM,64.51
8805-JNRAZ,64.49
5948-UJZLF,64.47
5312-UXESG,64.47
4343-EJVQB,64.46
8623-ULFNQ,64.44
1049-FYSYG,64.38
8118-TJAFG,64.34
6854-EXGSF,64.31
1777-JYQPJ,64.27
6233-HXJMX,64.21
2325-WINES,64.15
9881-VCZEP,64.06
6168-YBYNP,64.04
2040-VZIKE,64.01
8676-OOQEJ,63.97
7869-ZYDST,63.96
8791-GFXLZ,63.92
7054-ENNGU,63.91
7766-CLTIC,63.9
8564-LDKFL,63.89
4840-ORQXB,63.88
3932-IJWDZ,63.85
7905-NJMXS,63.82
5947-SGKCL,63.78
0422-UXFAP,63.78
6954-OOYZZ,63.75
6257-RJOHI,63.71
1600-DILPE,63.69
4176-FXYBO,63.68
9522-BNTHX,63.67
3761-FLYZI,63.67
8660-BUETV,63.59
4061-UKJWL,63.57
8404-FYDIB,63.54
2207-QPJED,63.53
4482-FTFFX,63.51
6908-VVYHM,63.51
0118-JPNOY,63.46
0975-VOOVL,63.42
6128-AQBMT,63.39
4948-WBBKL,63.37
4983-CLMLV,63.36
3842-QTGDL,63.23
1703-MGIAB,63.19
9314-QDMDW,63.19
7636-OWBPG,63.19
8800-JOOCF,63.14
5939-XAIXZ,63.11
5055-MGMGF,63.11
0929-HYQEW,63.1
2208-UGTGR,62.97
8967-SZQAS,62.96
7326-RIGQZ,62.91
8388-FYNPZ,62.89
1047-NNCBF,62.87
6234-PFPXL,62.82
1575-KRZZE,62.8
7878-JGDKK,62.78
2360-RDGRO,62.75
1456-TWCGB,62.74
3001-UNBTL,62.7
1442-BQPVU,62.6
2014-MKGMH,62.55
0531-ZZJWQ,62.51
9819-FBNSV,62.51
4672-FOTSD,62.51
7009-LGECI,62.3
2139-FQHLM,62.29
5201-USSQZ,62.25
7975-TZMLR,62.24
7271-AJDTL,62.22
7966-YOTQW,62.17
8734-DKSTZ,62.15
2043-WVTQJ,62.1
5981-ZVXOT,62.06
4976-LNFVV,62.01
5600-PDUJF,61.96
3058-WQDRE,61.95
4824-GUCBY,61.9
9626-WEQRM,61.85
4130-MZLCC,61.79
2927-QRRQV,61.79
9163-GHAYE,61.78
6288-LBEAR,61.67
7928-VJYAB,61.61
1853-ARAAQ,61.56
1379-FRVEB,61.55
2446-ZKVAF,61.54
4480-MBMLB,61.52
6439-LAJXL,61.51
3043-TYBNO,61.47
2669-OIDSD,61.44
9489-UTFKA,61.43
9822-WMWVG,61.4
3113-IWHLC,61.35
6180-YBIQI,61.28
9054-FOWNV,61.28
8069-YQQAJ,61.17
6538-POCHL,61.15
7285-KLOTR,61.14
6821-JPCDC,60.97
8263-OKETD,60.91
3452-ABWRL,60.9
2087-QAREY,60.9
4957-TREIR,60.89
3855-ONCAR,60.89
5136-RGMZO,60.88
3566-VVORZ,60.83
7343-EOBEU,60.83
3258-SANFR,60.82
0419-YAAPX,60.78
2195-VVRJF,60.76
6726-WEXXK,60.74
5780-INQIK,60.69
7064-FRRSW,60.64
5423-BHIXO,60.62
3301-LSLWQ,60.61
3644-QXEHN,60.55
6599-GZWCM,60.55
4067-HLYQI,60.54
5018-GWURO,60.53
8329-UTMVM,60.49
2676-OXPPQ,60.48
7047-FWEYA,60.47
9919-YLNNG,60.44
8149-AIQCG,60.38
1641-RQDAY,60.35
9681-KYGYB,60.33
0567-GGCAC,60.33
4646-QZXTF,60.29
5527-ACHSO,60.2
0191-ZHSKZ,60.19
7850-VWJUU,60.09
0027-KWYKW,60.06
3845-FXCYS,59.89
6088-BXMRG,59.89
6578-KRMAW,59.78
9003-CPATH,59.76
0060-FUALY,59.75
6874-SGLHU,59.75
5816-QVHRX,59.74
4452-QIIEB,59.73
3956-CJUST,59.6
2455-USLMV,59.56
8535-SFUTN,59.56
9356-AXGMP,59.48
5542-DHSXL,59.47
2615-YVMYX,59.43
1329-VHWNP,59.41
3509-GWQGF,59.38
6807-SIWJI,59.36
9688-YGXVR,59.33
9708-HPXWZ,59.32
6645-MXQJT,59.32
1307-TVUFB,59.29
8735-IJJEG,59.22
5149-TGWDZ,59.22
3604-WLABM,59.12
6133-OZILE,59.05
6847-KJLTS,59.02
4238-HFHSN,59.01
2519-LBNQL,58.97
9112-WSNPU,58.96
8455-HIRAQ,58.96
2792-VPPET,58.95
3195-TQDZX,58.89
1958-RNRKS,58.89
2190-BCXEC,58.87
5325-UWTWJ,58.87
6202-DYYFX,58.86
7621-VPNET,58.84
9327-QSDED,58.83
8016-NCFVO,58.83
9812-GHVRI,58.79
0129-KPTWJ,58.78
5046-NUHWD,58.66
3179-GBRWV,58.64
8980-WQFWL,58.59
1258-YMZNM,58.53
5843-TTHGI,58.48
4307-KWMXE,58.42
5002-GCQFH,58.42
4338-EYCER,58.4
5651-WYIPH,58.38
4439-YRNVD,58.37
0550-DCXLH,58.36
1422-DGUBX,58.25
5671-UUNXD,58.2
9643-AVVWI,58.13
0924-BJCRC,58.13
2920-RNCEZ,58.12
2279-AXJJK,57.99
2267-FPIMA,57.99
6029-CSMJE,57.94
7319-VENRZ,57.94
3522-CDKHF,57.93
6173-GOLSU,57.91
3577-AMVUX,57.9
2273-QCKXA,57.87
2607-FBDFF,57.87
5309-TAIKL,57.87
2049-BAFNW,57.83
6656-JWRQX,57.81
1816-FLZDK,57.8
4396-KLSEH,57.79
1261-FWTTE,57.79
3345-JHUEO,57.76
1134-YWTYF,57.74
7596-LDUXP,57.72
9373-WSLOY,57.68
1689-YQBYY,57.68
0080-OROZO,57.67
3946-JEWRQ,57.64
7799-DSEWS,57.57
2842-BCQGE,57.52
2480-JZOSN,57.5
7814-LEEVE,57.5
2770-NSVDG,57.49
9396-ZSFLL,57.45
2386-OWURY,57.41
0237-YFUTL,57.37
3898-GUYTS,57.36
3717-LNXKW,57.34
2519-ERQOJ,57.34
2828-SLQPF,57.27
5651-CPDND,57.18
9281-PKKZE,57.18
7629-WIXZF,57.15
4415-WNGVR,57.12
2101-RANCD,57.07
3629-WEAAM,57.06
0112-QAWRZ,57.05
2740-JFBOK,57.03
1552-AAGRX,57.03
7130-CTCUS,57.0
2692-PFYTJ,56.99
8896-BQTTI,56.99
8095-WANWK,56.94
8033-VCZGH,56.75
2709-UQGNP,56.73
4827-USJHP,56.73
4070-OKWVH,56.7
5366-OBVMR,56.68
9069-LGEUL,56.65
7147-AYBAA,56.64
8910-LEDAG,56.63
1784-EZDKJ,56.59
6898-MDLZW,56.55
4462-CYWMH,56.53
4989-LIXVT,56.51
0228-MAUWC,56.48
2144-BFDSO,56.42
1077-HUUJM,56.37
1370-GGAWX,56.35
3620-MWJNE,56.33
0771-WLCLA,56.28
8695-WDYEA,56.28
8885-QSQBX,56.27
4123-FCVCB,56.24
1976-AZZPJ,56.2
5999-LCXAO,56.2
8450-UYIBU,56.14
2826-DXLQO,56.07
1685-VAYJF,56.05
5035-PGZXH,56.01
8677-HDZEE,55.99
2018-PZKMU,55.98
5686-CMAWK,55.92
5186-EJEGL,55.89
4007-NHVHI,55.88
1559-DTODC,55.8
1217-VASWC,55.8
9767-FFLEM,55.78
8728-SKJLR,55.75
4003-FUSHP,55.67
7950-XWOVN,55.65
9779-DPNEJ,55.64
0701-TJSEF,55.64
3511-APPBJ,55.57
8120-JDCAM,55.54
7346-MEDWM,55.53
4188-FRABG,55.45
1216-BGTSP,55.45
6620-JDYNW,55.45
6629-LADHQ,55.41
8124-NZVGJ,55.4
6184-DYUOB,55.38
4945-RVMTE,55.37
3797-FKOGQ,55.35
5066-GFJMM,55.34
7673-LPRNY,55.32
5701-ZIKJE,55.28
3162-KKZXO,55.27
6537-OTKMY,55.25
5934-RMPOV,55.21
7072-MBHEV,55.19
1356-MKYSK,55.18
2824-MYYBN,55.12
2604-XVDAM,55.11
8735-DCXNF,55.02
2806-MLNTI,55.01
9052-VKDUW,54.99
5973-EJGDP,54.98
6469-QJKZW,54.97
2108-GLPQB,54.97
8800-ZKRFW,54.94
2460-NGXBJ,54.86
2883-ILGWO,54.85
2452-KDRRH,54.8
1986-PHGZF,54.74
0215-BQKGS,54.68
2252-ISRNH,54.67
6897-UUBNU,54.62
7398-LXGYX,54.61
0481-SUMCB,54.61
2826-UWHIS,54.6
2616-UUTFK,54.59
5445-GLVOT,54.58
6815-ABQFQ,54.56
4010-YLMVT,54.28
2305-MRGLV,54.25
7883-ROJOC,54.24
7661-CPURM,54.23
4724-WXVWF,54.22
8663-UPDGF,54.16
5575-TPIZQ,54.08
3537-HPKQT,53.99
7789-HKSBS,53.99
1480-IVEVR,53.96
8731-WBBMB,53.87
6633-SYEUS,53.83
1996-DBMUS,53.82
7159-FVYPK,53.81
8868-GAGIO,53.8
2475-MROZF,53.79
0002-ORFBO,53.79
2378-HTWFW,53.71
4950-BDEUX,53.66
8217-QYOHV,53.6
7821-DPRQE,53.58
9233-PSYHO,53.58
2625-TRCZQ,53.55
8445-DNBAE,53.53
8992-OBVDG,53.49
8679-LZBMD,53.44
1840-BIUOG,53.34
6575-SUVOI,53.23
7075-BNDVQ,53.19
5443-SCMKX,53.17
4692-NNQRU,53.15
9828-QHFBK,53.15
5371-VYLSX,53.15
9375-MHRRS,53.11
0277-BKSQP,53.1
7729-JTEEC,53.07
3071-VBYPO,53.05
7245-JMTTQ,53.04
3794-NFNCH,53.03
6968-GMKPR,53.0
8148-BPLZQ,52.99
2229-VWQJH,52.97
8627-ZYGSZ,52.95
0872-JCPIB,52.92
2843-CQMEG,52.92
2458-EOMRE,52.9
5022-JNQEQ,52.86
8152-UOBNY,52.85
6549-NNDYT,52.85
6551-GNYDG,52.84
3452-SRFEG,52.8
6475-VHUIZ,52.76
3521-MNKLV,52.73
4324-AHJKS,52.67
7446-YPODE,52.64
8903-XEBGX,52.6
2267-WTPYD,52.59
3890-RTCMS,52.58
5624-RYAMH,52.57
2858-EIMXH,52.53
3349-ANQNH,52.51
0058-EVZWM,52.48
9833-TGFHX,52.41
6818-DJXAA,52.34
5311-IHLEI,52.31
3594-KADLU,52.3
3638-DIMPH,52.29
6360-SVNWV,52.26
5370-IIVVL,52.26
6199-IWKGC,52.23
4488-KQFDT,52.22
1215-FIGMP,52.15
8620-RJPZN,52.14
5088-QZLRL,52.14
1156-ZFYDO,52.14
7617-EYGLW,52.13
4232-JGKIY,52.13
8992-CEUEN,52.13
6890-PFRQX,52.09
1656-DRSMG,52.08
3709-OIJEA,52.06
6576-FBXOJ,51.99
7502-BNYGS,51.99
7610-TVOPG,51.93
1024-KPRBB,51.93
5951-AOFIH,51.92
1935-IMVBB,51.88
0575-CUQOV,51.82
9971-ZWPBF,51.82
1697-NVVGY,51.81
6300-BWMJX,51.74
8705-DWKTI,51.65
2027-CWDNU,51.61
0314-TKOSI,51.61
4191-XOVOM,51.59
2293-IJWPS,51.59
8003-EWNDZ,51.59
5996-DAOQL,51.54
8262-COGGB,51.54
4634-JLRJT,51.54
2081-KJSQF,51.54
0670-KDOMA,51.54
4661-NJEUX,51.54
2369-FEVNO,51.54
2465-BLLEU,51.54
7853-WNZSY,51.54
7291-CDTMJ,51.54
1622-HSHSF,51.54
8566-YPRGL,51.54
5906-BFOZT,51.54
7298-IZWLY,51.54
1098-TDVUQ,51.54
4282-ACRXS,51.52
7036-ZZKBD,51.48
8985-OOPOS,51.47
6896-SRVYQ,51.4
9097-ZUBYC,51.39
8755-IWJHN,51.38
6261-LHRTG,51.34
2599-CZABP,51.33
7892-QVYKW,51.31
7109-MFBYV,51.29
0100-DUVFC,51.26
3174-RKMOW,51.26
0668-OGMHD,51.2
0810-BDHAW,51.19
2832-SCUCO,51.13
5828-DWPIL,51.08
9137-NOQKA,51.06
4923-ADWXJ,51.05
6624-JDRDS,51.0
4828-FAZPK,51.0
2924-KHUVI,50.99
1215-VFYVK,50.99
0959-WHOKV,50.99
3780-YVMFA,50.98
7750-EYXWZ,50.98
1091-SOZGA,50.98
1394-SUIUH,50.97
0691-NIKRI,50.92
8212-DJRCH,50.89
9795-VOWON,50.89
9099-FTUHS,50.69
6994-ORCWG,50.69
2674-MLXMN,50.66
9027-YFHQJ,50.65
2988-GBIVW,50.59
9323-HGFWY,50.57
7537-CBQUZ,50.55
8294-UIMBA,50.52
5982-FPVQN,50.52
3594-IVHJZ,50.48
4986-MXSFP,50.48
3007-FDPEA,50.47
0871-OPBXW,50.47
2640-LYMOV,50.47
7636-XUHWW,50.45
6942-LBFDP,50.45
2669-QVCRG,50.41
7251-LJBQN,50.37
2623-DRYAM,50.36
2522-AHJXR,50.35
8065-BVEPF,50.34
5206-HPJKM,50.3
0423-UDIJQ,50.28
8807-ARQET,50.25
5628-RKIFK,50.23
3144-KMTWZ,50.17
8547-NSBBO,50.15
6572-ADKRS,50.11
7594-LZNWR,50.08
6284-KMNUF,50.08
4365-MSDYN,50.08
7483-IQWIB,50.05
0326-VDYXE,50.04
3744-ZBHON,50.02
2716-GFZOR,50.01
4693-VWVBO,50.0
0096-FCPUF,49.96
6637-KYRCV,49.93
3402-XRIUO,49.83
7693-QPEFS,49.78
9342-VNIMQ,49.78
2672-TGEFF,49.77
3723-BFBGR,49.69
3657-COGMW,49.68
6469-MRVET,49.66
0440-MOGPM,49.64
5201-FRKKS,49.61
6647-ZEDXT,49.6
4918-FYJNT,49.59
3584-WKTTW,49.56
1518-OMDIK,49.56
4393-RYCRE,49.47
7526-IVLYU,49.43
0463-WZZKO,49.43
2393-DIVAI,49.41
9039-ZVJDC,49.38
4947-DSMXK,49.35
2065-MMKGR,49.35
9776-OJUZI,49.32
0880-FVFWF,49.32
6728-VOIFY,49.3
5243-SAOTC,49.29
4450-YOOHP,49.25
8166-ORCHU,49.25
1866-OBPNR,49.22
1360-JYXKQ,49.15
8981-FJGLA,49.14
6131-FOYAS,49.12
4939-KYYPY,49.12
7351-MHQVU,49.1
6549-YMFAW,49.1
3606-SBKRY,49.08
0929-PECLO,49.07
1335-HQMKX,49.03
5133-VRSAB,48.92
3016-KSVCP,48.89
4987-GQWPO,48.81
7103-IPXPJ,48.81
5334-JLAXU,48.72
1020-JPQOW,48.72
5076-YVXCM,48.61
9500-LTVBP,48.6
0895-LMRSF,48.6
6067-NGCEU,48.54
2480-EJWYP,48.48
7976-CICYS,48.35
5600-KTXFM,48.34
2270-CHBFN,48.33
0512-FLFDW,48.32
3069-SSVSN,48.3
5712-VBOXD,48.29
0690-SRQID,48.29
4486-EFAEB,48.27
5144-PQCDZ,48.26
0853-NWIFK,48.22
0887-WBJVH,48.18
7402-PWYJJ,48.18
9512-PHSMG,48.14
7175-NTIXE,48.11
8851-RAGOV,48.1
0319-QZTCO,48.09
1406-PUQVY,48.05
8064-RAVOH,48.05
6917-YACBP,48.04
2320-SLKMB,48.03
8952-WCVCD,48.03
4819-HJPIW,48.02
2862-PFNIK,47.96
7748-UMTRK,47.94
9938-EKRGF,47.92
7108-DGVUU,47.9
0114-RSRRW,47.89
1710-RCXUS,47.88
5136-GFPMB,47.88
7797-EJMDP,47.81
2731-GJRDG,47.79
4747-LCAQL,47.77
3689-MOZGR,47.77
0621-HJWXJ,47.71
5651-YLPRD,47.7
5018-HEKFO,47.66
7426-GSWPO,47.6
7409-JURKQ,47.59
5215-LNLDJ,47.58
7296-PIXQY,47.58
2303-PJYHN,47.55
0584-BJQGZ,47.54
6959-GQEGV,47.54
7017-VFULY,47.52
8739-QOTTN,47.51
8111-BKVDS,47.51
7018-WBJNK,47.51
4237-CLSMM,47.5
1767-TGTKO,47.42
3545-CNWRG,47.32
8317-BVKSO,47.3
4673-KKSLS,47.3
5198-EFNBM,47.29
2732-ISEZX,47.28
4350-ZTLPI,47.25
3694-GLTJM,47.24
5802-ADBRC,47.22
0303-WMMRN,47.22
1216-JWVUX,47.18
7964-YESJC,47.15
0471-ARVMX,47.12
8970-ANWXO,47.08
8713-IGZSO,47.05
5067-XJQFU,47.05
2155-AMQRX,46.98
6713-OKOMC,46.96
2379-GYFLQ,46.84
4177-JPDFU,46.84
8378-LKJAF,46.83
7682-AZNDK,46.8
2782-JEEBU,46.79
3736-BLEPA,46.77
8799-OXZMD,46.75
0365-TRTPY,46.72
6689-VRRTK,46.68
2486-WYVVE,46.67
5924-IFQTT,46.65
5294-DMSFH,46.64
3167-SNQPL,46.62
4283-IVYCI,46.57
6296-DDOOR,46.56
2621-UDNLU,46.48
2045-BMBTJ,46.48
9798-DRYDS,46.47
7856-GANIL,46.46
0564-MUUQK,46.41
7808-DVWEP,46.4
4524-QCSSM,46.32
6351-SCJKT,46.32
6303-KFWSL,46.3
1666-JZPZT,46.26
2811-POVEX,46.22
5955-EPOAZ,46.17
9817-APLHW,46.15
7025-IWFHT,46.15
1452-KIOVK,46.13
9693-XMUOB,46.07
3307-TLCUD,46.06
4879-GZLFH,46.06
4869-EPIUS,46.06
9609-BENEA,46.05
0899-WZRSD,46.01
9277-JOOMO,46.0
9332-GYWLO,45.96
3858-XHYJO,45.92
0898-XCGTF,45.86
6344-SFJVH,45.85
4826-TZEVA,45.84
4929-ROART,45.79
4685-ERGHK,45.78
3807-BPOMJ,45.78
2000-MPKCA,45.76
8865-TNMNX,45.72
3370-GQEAL,45.69
7143-BQIBA,45.65
9389-ACWBI,45.58
1472-TNCWL,45.55
7128-GGCNO,45.5
4832-VRBMR,45.48
9800-ONTFE,45.45
5702-SKUOB,45.43
0851-DFJKB,45.36
7880-XSOJX,45.33
7395-XWZOY,45.27
8295-FHIVV,45.25
4118-CEVPF,45.22
3221-CJMSG,45.21
9788-YTFGE,45.17
3570-YUEKJ,45.15
0384-RVBPI,45.11
1386-ZIKUV,45.11
2720-FVBQP,45.1
2903-YYTBW,45.08
3756-VNWDH,45.06
2186-QZEYA,45.01
7868-BGSZA,45.01
8023-QHAIO,44.99
8746-OQQRW,44.93
2172-EJXVF,44.92
8597-CWYHH,44.89
5188-HGMLP,44.88
5149-CUZUJ,44.88
7089-XXAYG,44.85
2478-EEWWM,44.85
1355-KUSBG,44.84
8250-ZNGGW,44.72
8059-UDZFY,44.7
0103-CSITQ,44.69
7811-JIVPF,44.59
2896-TBNBE,44.58
7041-TXQJH,44.52
5760-WRAHC,44.44
6627-CFOSN,44.43
5897-ZYEKH,44.42
9904-EHEVJ,44.27
1202-KKGFU,44.24
0111-KLBQG,44.13
3981-QSVQI,44.12
6952-OMNWB,44.12
0537-QYZZN,44.11
7140-ADSMJ,44.1
4926-UMJZD,44.09
9415-TPKRV,44.07
3703-TTEPD,44.05
1170-SASML,44.02
1614-JBEBI,44.0
5989-OMNJE,44.0
7074-STDCN,43.96
1629-DQQVB,43.94
1814-DKOLC,43.92
7203-OYKCT,43.87
3055-OYMSE,43.84
3391-JSQEW,43.81
8189-HBVRW,43.8
1169-SAOCL,43.78
9633-DENPU,43.74
2212-LYASK,43.64
8706-HRADD,43.58
4016-BJKTZ,43.51
9700-ISPUP,43.49
7663-ZTEGJ,43.47
7389-KBFIT,43.43
2284-VFLKH,43.39
2259-OUUSZ,43.38
2978-XXSOG,43.37
4753-PADAS,43.31
2911-WDXMV,43.26
1845-CSBRZ,43.24
9825-YCXWZ,43.15
8474-UMLNT,43.14
1698-XFZCI,43.08
5151-HQRDG,43.07
1852-XEMDW,42.97
7921-LMDFQ,42.96
8495-PRWFH,42.96
0409-WTMPL,42.96
4138-NAXED,42.95
1385-TQOZW,42.92
8878-RYUKI,42.83
3413-CSSTH,42.82
2577-GVSIL,42.8
8944-AILEF,42.8
3161-GETRM,42.78
9972-VAFJJ,42.76
7733-UDMTP,42.75
5945-AZYHT,42.65
2925-MXLSX,42.63
4501-VCPFK,42.63
2111-DWYHN,42.62
6728-WYQBC,42.61
7243-LCGGZ,42.61
4013-GUXND,42.61
2700-LUEVA,42.61
3976-NLDEZ,42.61
9708-KFDBY,42.61
9753-OYLBX,42.61
0673-IGUQO,42.61
2668-TZSPS,42.61
3727-JEZTU,42.61
6579-JPICP,42.61
3590-TCXTB,42.61
2592-YKDIF,42.61
2676-ISHSF,42.61
3090-QFUVD,42.61
9122-UMROB,42.61
8203-XJZRC,42.61
3247-MHJKM,42.61
6380-ARCEH,42.61
8048-DSDFQ,42.61
7310-EGVHZ,42.61
8974-OVACP,42.61
3030-ZKIWL,42.61
8749-CLJXC,42.61
7096-UCLNH,42.61
7698-YFGEZ,42.61
2542-HYGIQ,42.61
6286-SUUWT,42.61
2654-VBVPB,42.61
7878-RTCZG,42.61
6654-QGBZZ,42.61
1135-LMECX,42.61
8562-GHPPI,42.61
6124-ACRHJ,42.61
3717-OFRTN,42.61
3930-ZGWVE,42.61
3785-NRHYR,42.61
1194-SPVSP,42.61
7721-DVEKZ,42.61
0970-QXPXW,42.61
2576-HXMPA,42.61
8605-ITULD,42.61
2866-IKBTM,42.61
7601-WFVZV,42.61
1905-OEILC,42.61
8393-JMVMB,42.61
2220-IAHLS,42.61
7926-IJOOU,42.61
1663-MHLHE,42.61
7302-ZHMHP,42.61
6569-KTMDU,42.61
9441-QHEVC,42.61
1015-OWJKI,42.61
9975-SKRNR,42.61
3173-NVMPX,42.56
4860-YZGZM,42.52
4075-JFPGR,42.47
2851-MMUTZ,42.45
7382-DFJTU,42.34
7251-XFOIL,42.29
7241-AJHFS,42.27
9481-IEBZY,42.27
0975-UYDTX,42.24
2480-SQIOB,42.17
3847-BAERP,42.16
3524-WQDSG,42.12
2294-SALNE,42.1
5716-LIBJC,42.04
4936-YPJNK,41.99
8439-LTUGF,41.99
3675-YDUPJ,41.97
5140-FOMCQ,41.96
1784-BXEFA,41.95
4676-MQUEA,41.94
9470-XCCEM,41.88
9701-CDXHR,41.88
8495-LJDFO,41.85
6258-NGCNG,41.82
9408-HRXRK,41.81
5447-WZAFP,41.81
7016-NVRIC,41.76
2758-RNWXS,41.75
1785-BPHTP,41.74
5478-JJVZK,41.68
2308-STERM,41.65
8224-IVVPA,41.64
2402-TAIRZ,41.63
9426-SXNHE,41.62
8150-QUDFX,41.61
9101-NTIXF,41.61
0366-NQSHS,41.59
9818-XQCUV,41.59
0396-HUJBP,41.59
0816-TSPHQ,41.58
5919-VCZYM,41.58
2342-CKIAO,41.57
8006-PYCSW,41.57
3936-QQFLL,41.57
1796-JANOW,41.56
8017-UVSZU,41.56
5067-DGXLL,41.56
5562-YJQGT,41.55
0188-GWFLE,41.55
9700-ZCLOT,41.54
1051-GEJLJ,41.52
9853-JFZDU,41.52
9142-KZXOP,41.3
7188-CBBBA,41.26
5569-IDSEY,41.24
6728-CZFEI,41.22
8715-KKTFG,41.18
5345-BMKWB,41.18
1229-RCALF,41.07
3126-WQMGH,41.03
7706-DZNKK,41.02
4332-MUOEZ,41.01
0064-YIJGF,40.99
8384-FZBJK,40.97
1357-MVDOZ,40.97
4881-JVQOD,40.94
5968-XQIVE,40.91
9040-KZVWO,40.9
6080-TCMYC,40.82
1110-KYLGQ,40.73
8999-XXGNS,40.7
8070-AAWZP,40.68
9058-HRZSV,40.67
8344-WFMFH,40.64
5353-WILCI,40.63
1153-GNOLC,40.63
6322-PJJDJ,40.63
6734-CKRSM,40.55
9770-LXDBK,40.55
0178-CIIKR,40.53
6394-HHHZM,40.53
0030-FNXPP,40.52
3806-YAZOV,40.52
4083-BFNYK,40.48
8091-TTVAX,40.44
1732-FEKLD,40.42
6383-ZTSIW,40.38
1707-HABPF,40.37
9821-BESNZ,40.34
5268-DSMNQ,40.34
1353-GHZOS,40.34
0484-FFVBJ,40.3
2851-STERV,40.26
6345-HOVES,40.24
0956-ACVZC,40.2
4660-IRIBM,40.12
8080-POTJR,40.08
9089-UOWJG,40.07
0330-BGYZE,39.96
6705-LNMDD,39.92
9644-UMGQA,39.85
8190-ZTQFB,39.85
7746-QYVCO,39.84
9115-YQHGA,39.71
9357-UJRUN,39.67
7669-LCRSD,39.67
9909-DFRJA,39.63
7746-AWNQW,39.62
1810-BOHSY,39.58
0557-ASKVU,39.58
2346-DJQTB,39.57
0308-IVGOK,39.57
8410-BGQXN,39.56
1855-CFULU,39.55
6728-DKUCO,39.55
4397-FRLTA,39.52
1336-EZFZY,39.52
9618-LFJRU,39.52
7361-YPXFS,39.51
5222-JCXZT,39.5
4558-CGYCZ,39.5
7234-KMNRQ,39.48
9367-OIUXP,39.48
4002-BQWPQ,39.45
1919-RTPQD,39.45
1548-ARAGG,39.43
9571-EDEBV,39.4
0442-ZXKVS,39.37
1591-MQJTP,39.32
5934-TSSAU,39.31
8268-YDIXR,39.27
6907-CQGPN,39.25
5522-JBWMO,39.22
0708-SJDIS,39.19
4360-QRAVE,39.19
9391-YZEJW,39.18
0440-QEXBZ,39.15
9107-UKCKY,39.14
2750-BJLSB,39.11
4189-NAKJS,39.1
4657-FWVFY,39.09
7622-NXQZR,39.08
1768-HNVGJ,39.04
0265-PSUAE,39.03
9505-SQFSW,39.03
6112-KTHFQ,38.97
6131-JLWZM,38.96
2692-AQCPF,38.95
0297-RBCSG,38.95
6092-QZVPP,38.94
4712-AUQZO,38.92
3339-EAQNV,38.92
7605-SNLQG,38.86
8409-WQJUX,38.85
0655-YDGFJ,38.81
8123-QBNAZ,38.73
2202-OUTMO,38.64
3130-ICDUP,38.61
3977-QCRSL,38.56
2673-CXQEU,38.54
2439-QKJUL,38.53
3363-EWLGO,38.53
6377-KSLXC,38.52
0130-SXOUN,38.51
5734-EJKXG,38.48
1925-GMVBW,38.48
2159-TURXX,38.48
4785-NKHCX,38.47
3675-EQOZA,38.47
6621-YOBKI,38.47
6921-OZMFH,38.46
0239-OXEXL,38.38
3714-XPXBW,38.3
8375-KVTHK,38.29
5081-NWSUP,38.25
3316-UWXUY,38.24
5285-MVEHD,38.23
3199-NPKCN,38.2
2805-EDJPQ,38.19
6743-HHQPF,38.13
6723-WSNTY,38.09
0206-TBWLC,38.02
3038-PQIUY,37.95
1376-HHBDV,37.93
6865-JZNKO,37.91
9079-LWTFD,37.87
3170-GWYKC,37.85
4374-YMUSQ,37.85
1409-PHXTF,37.8
9494-BDNNC,37.78
2359-KLTEK,37.76
6402-SSEJG,37.71
4908-XAXAY,37.7
8631-WUXGY,37.65
9659-ZTWSM,37.63
1360-XFJMR,37.59
7787-BNTZM,37.52
9970-QBCDA,37.52
9943-VSZUV,37.51
5709-LVOEQ,37.51
5850-BDWCY,37.5
7740-BTPUX,37.48
2928-HLDBA,37.46
5206-XZZQI,37.46
7968-QUXNS,37.45
6490-FGZAT,37.45
6972-SNKKW,37.45
6806-YDEUL,37.44
7102-JJVTX,37.37
7105-MXJLL,37.36
6778-JFCMK,37.34
4431-EDMIQ,37.34
9909-IDLEK,37.34
0089-IIQKO,37.33
9842-EFSYY,37.33
7634-WSWDB,37.29
2074-GUHPQ,37.29
7356-AYNJP,37.28
6281-FKEWS,37.27
2985-JUUBZ,37.25
0774-IFUVM,37.22
8108-UXRQN,37.22
5756-JYOJT,37.22
6253-WRFHY,37.18
5522-NYKPB,37.13
6906-MPARY,37.12
6873-UDNLD,37.09
0701-RFGFI,37.01
9364-YKUVW,36.92
5832-TRLPB,36.88
3192-LNKRK,36.85
2801-NISEI,36.84
9504-DSHWM,36.73
9518-IMLHK,36.72
8769-KKTPH,36.72
7674-YTAFD,36.68
6368-NWMCE,36.67
7916-VCCPB,36.6
3137-NYQQI,36.57
3530-CRZSB,36.54
6671-NGWON,36.52
3537-RYBHH,36.51
2320-YKQBO,36.51
3466-WAESX,36.5
0750-EKNGL,36.49
9137-UIYPG,36.47
9114-AAFQH,36.44
4324-BZCKL,36.42
0080-EMYVY,36.41
2853-CWQFQ,36.41
6733-LRIZX,36.37
7123-WQUHX,36.37
1867-TJHTS,36.33
5977-CKHON,36.32
8920-NAVAY,36.3
9762-YAQAA,36.25
8644-XYTSV,36.13
7789-CRUVC,36.13
4079-VTGLK,36.09
1346-PJWTK,36.09
1208-NBVFH,36.05
5651-CRHKQ,36.05
5996-NRVXR,35.99
0787-LHDYT,35.94
6797-UCJHZ,35.84
4132-POCZS,35.81
4821-SJHJV,35.71
1950-KSVVJ,35.69
9495-SKLKD,35.66
8905-IAZPF,35.65
4623-ZKHLY,35.64
1956-YIFGE,35.6
8496-DMZUK,35.57
0943-ZQPXH,35.53
6979-TNDEU,35.49
6202-JVYEU,35.47
7184-LRUUR,35.46
9475-NNDGC,35.46
5619-PTMIK,35.38
5481-NTDOH,35.37
5207-PLSTK,35.36
6341-AEVKX,35.3
1921-KYSAY,35.27
9092-GDZKO,35.23
3845-JHAMY,35.15
6198-PNNSZ,35.12
6563-VNPMN,35.1
2040-OBMLJ,35.09
9402-CXWPL,34.98
4903-CNOZC,34.96
4012-ZTHBR,34.96
1679-JRFBR,34.93
6933-FHBZC,34.9
0142-GVYSN,34.86
0013-MHZWF,34.77
6137-MFAJN,34.76
0289-IVARM,34.74
5815-HGGHV,34.74
2791-SFVEW,34.73
4801-JZAZL,34.69
3865-ZYKAD,34.63
5168-MQQCA,34.59
5343-SGUBI,34.58
6278-FEPBZ,34.55
4568-TTZRT,34.54
5396-IZEPB,34.53
0310-VQXAM,34.53
0549-CYCQN,34.52
7964-ZRKKG,34.51
8591-NXRCV,34.48
1543-LLLFT,34.46
2023-VQFDL,34.46
1991-VOPLL,34.45
7727-SHVZV,34.43
8205-MQUGY,34.42
9445-ZUEQE,34.35
4429-WYGFR,34.34
7228-PAQPD,34.32
0607-MVMGC,34.32
7998-ZLXWN,34.28
8201-AAXCB,34.19
4003-OCTMP,34.18
7576-JMYWV,34.14
7080-TNUWP,34.13
1791-PQHBB,34.09
3164-YAXFY,34.09
1237-WIYYZ,34.06
2252-JHJGE,34.03
8671-KKKOS,34.0
4323-OHFOW,33.92
4682-BLBUC,33.9
5298-GSTLM,33.9
0098-BOWSO,33.89
6156-UZDLF,33.86
8008-ESFLK,33.84
1371-WEPDS,33.82
8550-XSXUQ,33.81
1226-JZNKR,33.8
4922-CVPDX,33.79
8198-RKSZG,33.79
3787-TRIAL,33.74
1930-WNXSB,33.72
7013-PSXHK,33.69
9391-DXGGG,33.69
0523-VNGTF,33.67
1116-DXXDF,33.67
5074-FBGHB,33.66
5882-CMAZQ,33.64
2428-ZMCTB,33.6
6583-SZVGP,33.58
0380-ZCSBI,33.57
4726-DLWQN,33.56
8979-CAMGB,33.52
4104-PVRPS,33.48
4472-LVYGI,33.47
1730-VFMWO,33.47
5863-OOKCL,33.45
1397-XKKWR,33.42
9036-CSKBW,33.41
5071-FBJFS,33.38
0999-QXNSA,33.37
8910-ICHIU,33.36
7587-AOVVU,33.35
1347-KTTTA,33.35
2391-IPLOP,33.3
8049-WJCLQ,33.25
9972-NKTFD,33.24
0345-XMMUG,33.21
6036-TTFYU,33.2
4759-PXTAN,33.18
4742-DRORA,33.16
7396-VJUZB,33.15
5732-IKGQH,33.15
5160-UXJED,33.14
0487-RPVUM,33.09
5829-NVSQN,33.05
1142-IHLOO,33.03
6128-DAFVY,32.99
2946-KIQSP,32.97
0074-HDKDG,32.94
9501-UKKNL,32.88
3086-RUCRN,32.84
7964-VEXDG,32.83
5697-GOMBF,32.82
9738-QLWTP,32.82
6227-FBDXH,32.82
4402-FTBXC,32.79
9351-LZYGF,32.74
9256-JTBNZ,32.71
1179-INLAT,32.71
9481-SFCQY,32.7
5060-TQUQN,32.69
6473-ULUHT,32.64
0178-SZBHO,32.64
6341-JVQGF,32.61
9932-WBWIK,32.61
2371-JUNGC,32.58
5176-LDKUH,32.55
7742-MYPGI,32.54
3701-SFMUH,32.51
1104-FEJAM,32.49
4011-ARPHK,32.45
7336-RLLRH,32.43
1183-CANVH,32.41
4455-BFSPD,32.39
1174-FGIFN,32.37
7521-AFHAB,32.36
0274-JKUJR,32.35
9114-VEPUF,32.32
2908-ZTPNF,32.26
1140-UKVZG,32.25
9575-IWCAZ,32.23
5985-BEHZK,32.23
0931-MHTEM,32.21
5678-VFNEQ,32.18
2560-PPCHE,32.17
2450-ZKEED,32.11
3318-ISQFQ,32.11
0799-DDIHE,32.11
1136-XGEQU,32.06
8221-EQDGL,32.06
3786-WOVKF,32.05
5349-AZPEW,32.05
7879-CGSFV,32.04
8200-KLNYW,32.04
2957-JIRMN,31.99
6663-JOCQO,31.98
8220-OCUFY,31.97
5562-BETPV,31.95
2967-MXRAV,31.94
3282-ZISZV,31.94
7134-MJPDY,31.93
8457-XIGKN,31.93
5025-GOOKI,31.9
2075-RMJIK,31.9
9052-DHNKM,31.89
4163-KIUHY,31.88
0786-IVLAW,31.86
3450-WXOAT,31.8
1539-LNKHM,31.78
2242-MFOTG,31.78
7531-GQHME,31.77
7459-IMVYU,31.77
0373-AIVNJ,31.77
2972-YDYUW,31.76
5027-YOCXN,31.75
0699-NDKJM,31.74
8942-DBMHZ,31.74
0734-OXWBT,31.74
9917-KWRBE,31.73
6838-HVLXG,31.71
3750-RNQKR,31.71
9522-ZSINC,31.69
9592-ERDKV,31.68
1089-HDMKP,31.66
2882-DDZPG,31.65
9626-VFRGG,31.64
9367-TCUYN,31.64
1563-IWQEX,31.63
4023-RTIQM,31.62
4647-XXZAM,31.57
1877-HKBQX,31.5
5921-NGYRH,31.46
5240-CAOYT,31.46
4459-BBGHE,31.44
6784-XYJAE,31.44
2452-SNHFZ,31.36
2150-WLKUW,31.35
7311-MQJCH,31.33
0723-FDLAY,31.3
5294-IMHHT,31.25
0603-OLQDC,31.17
3623-FQBOX,31.13
0678-RLHVP,31.12
9644-KVCNC,31.07
1338-CECEE,31.03
4134-BSXLX,31.02
4697-LUPSU,31.01
9730-DRTMJ,30.94
4274-DRSQT,30.89
3466-BYAVD,30.87
5913-INRQV,30.82
9513-DXHDA,30.8
6891-JPYFF,30.77
7824-PANSQ,30.73
4770-QAZXN,30.68
8847-GEOOQ,30.67
6507-DTJZV,30.67
4186-ZBUEW,30.65
6968-URWQU,30.63
6674-KVJHG,30.62
6366-XIVKZ,30.61
0824-VWDPO,30.61
2436-QBZFP,30.58
5966-EMAZU,30.54
3941-XTSKM,30.54
3635-JBPSG,30.51
3863-QSTYI,30.51
0665-XHDJU,30.5
5433-KYGHE,30.49
2538-OIMXF,30.49
5351-QESIO,30.48
2133-TSRRM,30.44
4906-ZHGPK,30.4
4626-OZDTJ,30.39
6924-TDGMT,30.37
7089-RKVSZ,30.37
0068-FIGTF,30.36
7740-KKCXF,30.34
6668-CNMFP,30.33
9867-NNXLC,30.33
5440-VHLUL,30.3
6035-BXTTY,30.29
9546-KDTRB,30.25
1794-SWWKL,30.23
5120-ZBLAI,30.23
6718-BDGHG,30.2
2931-SVLTV,30.13
9921-EZKBY,30.13
3256-EZDBI,30.12
0815-MFZGM,30.1
8984-EYLLL,30.07
8467-WYNSR,30.05
5339-TJFEK,30.05
8314-DPQHL,29.97
4198-VFOEA,29.95
4881-GQJTW,29.93
1744-JHKYS,29.93
3062-ICYZQ,29.91
4608-LCIMN,29.9
2958-NHPPS,29.88
3061-BCKYI,29.88
3680-CTHUH,29.86
0804-XBFBV,29.86
2931-VUVJN,29.83
0725-CXOTM,29.82
7501-VTYLJ,29.78
7049-GKVZY,29.76
4808-YNLEU,29.73
4001-TSBTV,29.66
2038-YSEZE,29.65
3694-DELSO,29.61
9691-HKOVS,29.61
0327-WFZSY,29.61
1684-FLBGS,29.59
3780-DDGSE,29.55
6483-OATDN,29.55
6008-NAIXK,29.47
5537-UXXVS,29.46
5524-KHNJP,29.45
1984-GPTEH,29.44
5985-TBABQ,29.43
2208-NQBCT,29.42
5274-XHAKY,29.42
3417-TSCIC,29.41
0516-UXRMT,29.4
6738-ISCBM,29.39
8204-TIFGJ,29.37
9391-TTOYH,29.37
9894-QMIMJ,29.33
3347-YJZZE,29.29
8402-EIVQS,29.25
8189-DUKMV,29.22
6732-FZUGP,29.21
3567-PQTSO,29.18
0980-PVMRC,29.17
0440-UEDAI,29.13
0496-AHOOK,29.12
1304-SEGFY,29.11
6440-DKQGE,29.08
7993-NQLJE,29.06
0347-UBKUZ,29.05
9591-YVTEB,29.03
8138-EALND,29.02
6040-CGACY,28.98
0820-FNRNX,28.98
2558-BUOZZ,28.96
3097-PYWXL,28.96
2911-IJORQ,28.91
1898-JSNDC,28.91
1095-WGNGG,28.89
7516-GMHUV,28.89
8992-VONJD,28.86
1410-RSCMR,28.79
5156-UMKOW,28.78
4456-RHSNB,28.76
8929-KSWIH,28.75
2001-MCUUW,28.74
3642-GKTCT,28.74
6727-IOTLZ,28.73
6620-HVDUJ,28.73
9152-AMKAK,28.72
0222-CNVPT,28.71
5092-STPKP,28.55
2019-HDCZY,28.51
3758-CKOQL,28.5
0516-QREYC,28.4
4256-ZWTZI,28.38
2240-HSJQD,28.37
1137-DGOWI,28.36
8752-IMQOS,28.3
2586-CWXVV,28.28
6505-OZNPG,28.28
0750-EBAIU,28.26
4833-QTJNO,28.24
8894-JVDCV,28.23
4468-YDOVK,28.23
0233-FTHAV,28.22
0795-GMVQO,28.22
4795-WRNVT,28.21
6476-YHMGA,28.19
3070-BDOQC,28.17
8417-GSODA,28.17
9498-FIMXL,28.16
0811-GSDTP,28.16
3733-ZEECP,28.14
2363-BJLSL,28.13
0661-WCQNQ,28.12
2585-KTFRE,28.12
2926-JEJJC,28.1
4476-OSWTN,28.07
8573-CGOCC,28.03
6022-KOUQO,28.02
6655-LHBYW,28.0
6794-HKIAJ,27.99
4079-ULGFR,27.98
6035-RIIOM,27.95
9330-DHBFL,27.93
7159-NOKYQ,27.89
4223-BKEOR,27.88
6419-ZTTLE,27.88
0136-IFMYD,27.87
7449-HVPIV,27.84
8552-OBVRU,27.82
4097-YODCF,27.77
6568-POCUI,27.75
7356-IWLFW,27.73
2055-SIFSS,27.72
9938-ZREHM,27.71
2120-SMPEX,27.71
9786-IJYDL,27.7
5640-CAXOA,27.7
8780-RSYYU,27.7
9139-TWBAS,27.66
4508-OEBEY,27.66
8548-AWOFC,27.63
5539-HIVAK,27.56
2316-ESMLS,27.54
4403-BWPAY,27.53
2746-DIJLO,27.5
7841-FCRQD,27.4
3528-HFRIQ,27.4
8246-SHFGA,27.39
0533-UCAAU,27.35
3969-JQABI,27.35
6297-NOOPG,27.31
3824-RHKVR,27.26
8631-XVRZL,27.25
3733-UOCWF,27.24
9931-KGHOA,27.22
4767-HZZHQ,27.21
3059-NGMXB,27.19
8930-XOTDP,27.19
6941-KXRRV,27.18
6543-JXSOO,27.18
7470-DYNOE,27.16
7909-FIOIY,27.16
0667-NSRGI,27.16
5131-PONJI,27.14
6353-BRMMA,27.12
0983-TATYJ,27.11
5533-RJFTJ,27.06
2937-FTHUR,27.05
8904-OPDCK,27.03
1621-YNCJH,27.01
0282-NVSJS,27.0
8332-OSJDW,26.97
5141-ZUVBH,26.92
6992-TKNYO,26.84
7989-VCQOH,26.83
5223-UZAVK,26.78
8822-KNBHV,26.76
2277-BKJKN,26.74
1400-WIVLL,26.68
3750-YHRYO,26.68
6967-QIQRV,26.67
6749-UTDVX,26.66
2351-RRBUE,26.63
5032-USPKF,26.62
5630-AHZIL,26.62
5753-QQWPW,26.58
3090-LETTY,26.56
2001-EWBQU,26.56
7654-YWJUF,26.56
1057-FOGLZ,26.51
7919-ZODZZ,26.48
2680-XKKNJ,26.48
4318-RAJVY,26.46
3354-OADJP,26.42
4815-TUMEQ,26.42
5693-PIPCS,26.42
7542-CYDDM,26.41
5844-QVTAT,26.4
2266-SJNAT,26.34
6082-GLJIX,26.33
7566-DSRLQ,26.24
7901-IIDQV,26.2
4091-TVOCN,26.16
5173-ZXXXL,26.15
6870-ECSHE,26.11
8647-SDTWQ,26.11
3428-MMGUB,26.08
5447-VYTKW,26.06
8318-LCNBW,26.05
9480-BQJEI,26.04
8109-YUOHE,26.03
1371-DWPAZ,26.0
6480-YAGIY,25.95
5804-HYIEZ,25.9
7820-ZYGNY,25.87
3640-JQGJG,25.87
1074-AMIOH,25.87
5724-BIDBU,25.86
7826-VVKWT,25.84
5203-XEHAX,25.84
4622-YNKIJ,25.82
3097-IDVPU,25.82
8680-CGLTP,25.82
9770-KXGQU,25.82
7677-SJJJK,25.8
9031-ZVQPT,25.78
0635-WKOLD,25.77
9912-OMZDS,25.75
3162-ZJZFU,25.7
7956-XQWGU,25.7
4851-BQDNX,25.69
5229-DTFYB,25.66
5382-TEMLV,25.65
3404-JNXAX,25.58
5915-DGNVC,25.57
1696-MZVAU,25.57
9967-ATRFS,25.56
6333-YDVLT,25.55
9763-GRSKD,25.51
9330-VOFSZ,25.51
4282-MSACW,25.5
5161-XEUVX,25.47
0536-ACXIP,25.46
2419-FSORS,25.44
3229-USWAR,25.42
4250-WAROZ,25.39
9896-UYMIE,25.38
7629-WFGLW,25.36
8646-JCOMS,25.36
1470-PSXNM,25.34
4393-OBCRR,25.34
5777-ZPQNC,25.34
1428-IEDPR,25.32
6837-BJYDQ,25.31
4654-GGUII,25.3
7088-FBAWU,25.29
8909-BOLNL,25.29
0303-UNCIP,25.26
8812-ZRHFP,25.24
7576-ASEJU,25.22
1702-CCFNJ,25.19
5898-IGSLP,25.19
3205-MXZRA,25.18
4829-ZLJTK,25.12
5730-RIITO,25.11
7954-MLBUN,25.11
3374-TTZTK,25.04
3639-XJHKQ,25.03
1658-XUHBX,25.03
8075-GXIUB,25.02
6171-ZTVYB,25.01
2233-FAGXV,24.98
7707-PYBBH,24.97
7156-MXBJE,24.87
0842-IWYCP,24.85
2243-FNMMI,24.83
5961-VUSRV,24.77
8034-RYTVV,24.72
0052-DCKON,24.72
6295-OSINB,24.66
7997-EASSD,24.66
6559-RAKOZ,24.62
6260-XLACS,24.61
0516-OOHAR,24.59
5360-LJCNJ,24.59
4837-QUSFT,24.57
4683-WYDOU,24.56
2522-WLNSF,24.52
9060-HJJRW,24.52
3327-YBAKM,24.5
5619-XZZKR,24.48
4377-VDHYI,24.46
0956-SYCWG,24.44
3807-XHCJH,24.44
9103-CXVOK,24.43
3679-XASPY,24.43
9374-YOLBJ,24.43
5327-CNLUQ,24.39
1264-FUHCX,24.39
9544-PYPSJ,24.35
3255-GRXMG,24.34
8404-VLQFB,24.33
7246-ZGQDF,24.31
2272-WUSPA,24.3
6917-IAYHD,24.24
3146-JTQHR,24.19
1952-DVVSW,24.17
1352-VHKAJ,24.15
5193-QLVZB,24.09
3413-DHLPB,24.07
7611-YKYTC,24.06
6603-QWSPR,24.03
5546-QUERU,24.03
4937-QPZPO,24.0
4781-ZXYGU,24.0
9629-NHXFW,24.0
1423-BMPBQ,23.99
7047-YXDMZ,23.99
7550-WIQVA,23.99
1060-ENTOF,23.98
1866-ZSLJM,23.95
6900-RBKER,23.94
3468-DRVQJ,23.88
4501-UYKBC,23.82
3272-VUHPV,23.79
8107-RZLNV,23.78
9419-IPPBE,23.76
4389-UEFCZ,23.73
2483-XSSMZ,23.73
0186-CAERR,23.71
2809-ILCYT,23.71
2324-EFHVG,23.68
5846-QFDFI,23.66
2546-KZAAT,23.65
5397-TUPSH,23.64
3160-TYXLT,23.61
0621-JFHOL,23.59
9488-FYQAU,23.53
5198-HQAEN,23.53
7100-FQPRV,23.52
5286-YHCVC,23.52
2533-TIBIX,23.5
2907-ILJBN,23.48
1530-ZTDOZ,23.46
8350-NYMVI,23.35
7801-CEDNV,23.32
2364-UFROM,23.32
6497-TILVL,23.29
5049-MUBWG,23.28
7266-GSSJX,23.28
5777-KJIRB,23.26
4328-VUFWD,23.25
4544-RXFMG,23.23
4822-LPTYJ,23.19
6211-WHMYA,23.16
3716-LRGXK,23.15
1485-YDHMM,23.13
3948-FVVRP,23.11
9537-VHDTA,23.1
8565-HBFNN,23.1
1453-RZFON,23.1
4710-NKCAW,23.09
3920-HIHMQ,23.08
4567-AKPIA,23.05
7445-WMRBW,23.04
9386-LDCZR,23.03
3556-BVQGL,23.03
9862-KJTYK,23.02
9987-LUTYD,22.99
2862-JVEOY,22.97
8133-ANHHJ,22.97
5701-GUXDC,22.96
0536-BGFMZ,22.95
7435-ZNUYY,22.95
7718-UPSKJ,22.9
5336-UFNZP,22.88
8652-YHIYU,22.85
5590-ZSKRV,22.83
9473-CBZOP,22.75
2371-KFUOG,22.74
7492-TAFJD,22.7
8406-LNMHF,22.65
8044-BGWPI,22.62
0835-JKADZ,22.61
9586-JGQKH,22.6
8405-IGQFX,22.59
7872-RDDLZ,22.59
1680-VDCWW,22.58
3096-YXENJ,22.55
5337-IIWKZ,22.49
8752-GHJFU,22.45
7722-CVFXN,22.45
9837-FWLCH,22.44
6968-MHOMU,22.44
0895-UADGO,22.43
3823-KYNQY,22.41
0723-VSOBE,22.38
3410-MHHUM,22.38
3541-ZNUHK,22.37
4522-XRWWI,22.36
6196-HBOBZ,22.35
9076-AXYIK,22.34
3800-LYTRK,22.33
5195-KPUNQ,22.33
2673-ZALNP,22.3
8734-FNWVH,22.3
5236-XMZJY,22.25
7838-LAZFO,22.25
0106-UGRDO,22.25
0292-WEGCH,22.22
2773-OVBPK,22.22
1125-SNVCK,22.21
7353-YOWFP,22.19
2550-QHZGP,22.18
1498-DQNRX,22.18
3239-TPHPZ,22.11
4957-TIALW,22.09
1097-FSPVW,22.04
5827-MWCZK,22.01
3115-JPJDD,21.97
1334-PDUKM,21.95
8152-VETUR,21.94
9553-DLCLU,21.93
5593-SUAOO,21.93
2969-WGHQO,21.91
1915-OAKWD,21.88
7776-QGYJC,21.88
2245-ADZFJ,21.86
2812-ENYMO,21.86
7129-AZJDE,21.82
8082-GHXOP,21.79
8963-JLGJT,21.78
6231-WFGFH,21.73
5553-AOINX,21.68
0308-GIQJT,21.68
4119-ZYPZY,21.67
8879-XUAHX,21.66
5499-ECUTN,21.61
6574-MCOEH,21.59
9128-CPXKI,21.55
4098-NAUKP,21.51
8961-QDZZJ,21.51
6791-YBNAK,21.5
9154-QDGTH,21.46
8016-ZMGMO,21.44
5639-NTUPK,21.42
7163-OCEQI,21.42
4430-YHXGG,21.38
7607-QKKTJ,21.38
3865-QBWSJ,21.32
3154-CFSZG,21.3
8879-ZKJOF,21.29
2834-JKOOW,21.29
6371-NZYEG,21.28
9720-JJJOR,21.28
9350-VLHMB,21.26
3131-NWVFJ,21.25
3682-YEUWS,21.24
7032-LMBHI,21.21
4043-MKDTV,21.2
4366-CTOUZ,21.19
5174-ITUMV,21.16
6266-QHOJZ,21.14
4378-BZYFP,21.12
7407-SUJIZ,21.12
3915-ODIYG,21.12
9199-PWQVC,21.12
0187-WZNAB,21.1
0369-ZGOVK,21.1
8231-BSWXX,21.1
3082-WQRVY,21.09
8573-JGCZW,21.09
9350-ZXYJC,21.08
7595-EHCDL,21.06
8792-AOROI,20.97
9467-ROOLM,20.92
2387-KDZQY,20.91
1708-PBBOA,20.86
1925-LFCZZ,20.83
5090-EMGTC,20.82
4700-UBQMV,20.81
8097-VBQTZ,20.79
9134-WYRVP,20.76
9496-IVVRP,20.75
8383-SGHJU,20.75
4418-LZMSV,20.74
3472-OAOOR,20.71
0953-LGOVU,20.71
5448-VWNAM,20.61
6075-QMNRR,20.6
1061-PNTHC,20.57
8263-QMNTJ,20.55
5315-CKEQK,20.54
7753-USQYQ,20.52
0422-OHQHQ,20.5
6773-LQTVT,20.5
6508-NJYRO,20.5
4730-AWNAU,20.42
5789-LDFXO,20.41
9138-EFSMO,20.4
5791-KAJFD,20.39
1474-JUWSM,20.38
5297-MDOIR,20.38
5795-KTGUD,20.32
9313-QOLTZ,20.31
4806-DXQCE,20.31
8313-AFGBW,20.31
4654-DLAMQ,20.29
0913-XWSCN,20.28
8582-KRHPJ,20.25
3696-XRIEN,20.24
3896-RCYYE,20.15
8076-FEZKJ,20.14
4194-WHFCB,20.11
6766-HFKLA,20.07
6878-GGDWG,20.07
3280-MRDOF,20.03
7665-VIGUD,20.02
9578-FOMUK,20.01
6408-OTUBZ,19.98
4445-KWOKW,19.96
6308-CQRBU,19.93
2710-WYVXG,19.92
6050-IJRHS,19.92
1171-TYKUR,19.92
8329-GWVPJ,19.92
5155-AZQPB,19.91
1866-NXPSP,19.9
8267-KFGYD,19.89
5868-YTYKS,19.89
1724-IQWNM,19.88
3308-MHOOC,19.88
4277-UDIEF,19.86
4291-HYEBC,19.85
7663-CUXZB,19.84
5832-EXGTT,19.82
8033-ATFAS,19.82
3621-CHYVB,19.81
8819-ZBYNA,19.79
6478-HRRCZ,19.78
1448-CYWKC,19.76
0484-JPBRU,19.74
0742-LAFQK,19.73
4797-MIWUM,19.72
8659-HDIYE,19.71
0930-EHUZA,19.71
6746-WAUWT,19.69
1696-HXOWK,19.67
8261-GWDBQ,19.61
5304-EFJLP,19.57
2348-KCJLT,19.57
0254-KCJGT,19.56
8595-SIZNC,19.49
9388-ZEYVT,19.49
8309-PPCED,19.48
9470-RTWDV,19.47
2636-SJDOU,19.46
9848-JQJTX,19.44
9442-JTWDL,19.44
9621-OUPYD,19.44
2039-JONDJ,19.43
1291-CUOCY,19.43
3597-YASZG,19.42
1545-JFUML,19.42
7649-PHJVR,19.42
0623-EJQEG,19.41
3452-FLHYD,19.41
6147-CBCRA,19.41
9411-TPQQV,19.4
4644-PIZRT,19.4
9200-NLNPD,19.39
8084-OIVBS,19.38
2272-JKMSI,19.38
0384-LPITE,19.38
6893-ODYYE,19.36
1162-ECVII,19.36
7833-PKIHD,19.34
9867-JCZSP,19.33
3397-AVTKU,19.32
0134-XWXCE,19.31
9405-GPBBG,19.3
6421-SZVEM,19.26
7426-WEIJX,19.25
2499-AJYUA,19.24
7691-XVTZH,19.17
6827-IEAUQ,19.17
6461-PPAXN,19.16
3893-JRNFS,19.14
8884-MRNSU,19.13
2338-BQEZT,19.12
5837-LXSDN,19.12
9933-QRGTX,19.1
4425-OWHWB,19.08
9766-HGEDE,19.08
7208-PSIHR,19.05
1964-SVLEA,19.04
3729-OWRVL,19.01
1360-RCYRT,19.01
9207-ZPANB,19.01
3340-QBBFM,18.99
0595-ITUDF,18.97
4670-TABXH,18.96
1735-XMJVH,18.95
1135-HIORI,18.95
1544-JJMYL,18.94
4139-JPIAM,18.93
0909-SDHNU,18.93
4316-XCSLJ,18.91
7299-GNVPL,18.88
8777-PVYGU,18.87
0840-DCNZE,18.85
2511-MORQY,18.81
0942-KOWSM,18.81
5993-BQHEA,18.8
4115-BNPJY,18.79
1429-UYJSV,18.79
0048-LUMLS,18.77
5504-WSIUR,18.77
6257-DTAYD,18.75
4369-NYSCF,18.74
6100-FJZDG,18.73
5602-BVFMK,18.71
3259-QMXUN,18.7
2307-FYNNL,18.7
6500-JVEGC,18.66
8823-RLPWL,18.66
3224-DFQNQ,18.65
5998-DZLYR,18.61
3407-QGWLG,18.59
5726-CVNYA,18.59
8226-BXGES,18.56
9554-DFKIC,18.54
0257-KXZGU,18.54
8224-UAXBZ,18.54
8883-GRDWQ,18.51
7951-VRDVK,18.46
3572-UOLYZ,18.44
0356-OBMAC,18.43
7078-NVFAM,18.42
6838-YAUVY,18.37
9142-XMYJH,18.37
1930-BZLHI,18.36
3518-FSTWG,18.33
4310-KEDTB,18.33
9229-RQABD,18.32
7771-ZONAT,18.29
2578-JQPHZ,18.28
8763-KIAFH,18.22
4500-HKANN,18.2
7217-JYHOQ,18.17
8777-MBMTS,18.15
5039-LZRQT,18.13
2323-ARSVR,18.12
2788-CJQAQ,18.12
6416-JNVRK,18.11
8421-WZOOW,18.1
2592-HODOV,18.1
9962-BFPDU,18.06
0247-SLUJI,18.06
3373-YZZYM,18.06
7995-ZHHNZ,18.05
7874-ECPQJ,17.93
5084-OOVCJ,17.93
8434-PNQZX,17.9
8259-NFJTV,17.89
7233-IOQNP,17.84
5473-KHBPS,17.76
2080-SRCDE,17.76
8498-XXGWA,17.76
5701-SVCWR,17.75
4184-VODJZ,17.75
9027-TMATR,17.75
4973-RLZVI,17.74
7094-MSZAO,17.73
7672-VFMXZ,17.73
8050-WYBND,17.69
1557-EMYVT,17.69
4182-BGSIQ,17.68
2682-KEVRP,17.67
3982-DQLUS,17.67
8984-HPEMB,17.66
9617-UDPEU,17.66
3633-CDBUW,17.66
1099-BTKWT,17.63
0392-BZIUW,17.6
1345-ZUKID,17.57
5312-IRCFR,17.55
4159-NAAIX,17.51
1163-ONYEY,17.5
2651-ZCBXV,17.48
3422-WJOYD,17.48
6682-VCIXC,17.47
8570-KLJYJ,17.47
9705-IOVQQ,17.47
7817-OMJNA,17.46
5756-OZRIO,17.46
1755-RMCXH,17.44
8065-QBYTO,17.42
9619-GSATL,17.35
9289-LBQVU,17.34
4092-OFQZS,17.28
0580-PIQHM,17.26
1891-QRQSA,17.25
7813-TKCVO,17.23
0696-UKTOX,17.2
4472-VESGY,17.2
0285-INHLN,17.17
9924-JPRMC,17.16
3178-CIFOT,17.15
4709-LKHYG,17.14
4353-HYOJD,17.13
4049-ZPALD,17.1
7619-PLRLP,17.08
1661-CZBAU,17.07
8041-TMEID,17.07
6765-MBQNU,17.06
0164-APGRB,17.05
3551-GAEGL,17.04
3197-NNYNB,17.01
0939-EREMR,16.99
2061-VVFST,16.99
6252-DFGTK,16.98
8401-EMUWF,16.92
8461-EFQYM,16.89
3721-CNZHX,16.87
0829-DDVLK,16.87
3470-BTGQO,16.86
6250-CGGUN,16.86
7690-KPNCU,16.83
5150-LJNSR,16.83
1465-WCZVT,16.83
7785-RDVIG,16.82
0396-UKGAI,16.81
5312-TSZVC,16.8
8788-DOXSU,16.78
7519-JTWQH,16.77
2085-JVGAD,16.76
5414-OFQCB,16.73
5468-BPMMO,16.69
5014-WUQMG,16.68
1309-XGFSN,16.66
1641-BYBTK,16.65
8630-QSGXK,16.59
5197-PYEPU,16.59
3739-YBWAB,16.56
3585-YNADK,16.54
5663-QBGIS,16.53
4495-LHSSK,16.52
5566-SOEZD,16.48
7777-UNYHB,16.46
5811-IWXYM,16.46
9432-RUVSL,16.46
4504-YOULA,16.43
3043-SUDUA,16.4
5546-BYZSM,16.37
3214-IYUUQ,16.33
0479-HMSWA,16.31
8738-JOKAR,16.29
0307-BCOPK,16.29
0565-JUPYD,16.27
4616-EWBNJ,16.27
6617-WLBQC,16.25
0620-XEFWH,16.25
4137-JOPHL,16.23
4942-VZZOM,16.23
3243-ZHOHY,16.23
4311-QTTAI,16.22
7036-TYDEC,16.22
2469-DTSGX,16.22
2434-EEVDB,16.21
7219-TLZHO,16.21
6194-HBGQN,16.19
1389-WNUIB,16.19
5278-PNYOX,16.17
3999-WRNGR,16.15
0458-HEUZG,16.12
8707-RMEZH,16.06
0657-DOGUM,16.04
8853-TZDGH,16.04
2749-CTKAJ,16.02
0813-TAXXS,15.99
0428-AXXLJ,15.96
9978-HYCIN,15.89
3752-CQSJI,15.89
0594-UFTUL,15.88
1573-LGXBA,15.86
7868-TMWMZ,15.86
8071-SBTRN,15.83
2988-QRAJY,15.83
8845-LWKGE,15.81
9891-NQDBD,15.78
0201-MIBOL,15.74
5505-OVWQW,15.73
5954-BDFSG,15.72
5575-GNVDE,15.7
4359-INNWN,15.7
2188-SXWVT,15.69
4933-IKULF,15.68
7279-NMVJC,15.67
9847-HNVGP,15.64
6435-VWCCY,15.64
1257-SXUXQ,15.64
9861-PDSZP,15.63
0454-OKRCT,15.58
7609-NRNCA,15.58
8756-RDDLT,15.57
6993-YGFJV,15.57
7134-HBPBS,15.56
9347-AERRL,15.54
9845-PEEKO,15.54
9534-NSXEM,15.51
6510-UPNKS,15.51
9844-FELAJ,15.49
0377-JBKKT,15.48
4199-QHJNM,15.46
6082-OQFBA,15.44
5876-QMYLD,15.4
2054-PJOCK,15.37
0743-HNPFG,15.37
8975-SKGRX,15.36
3727-OWVYD,15.36
3209-ZPKFI,15.33
3374-PZLXD,15.33
9860-LISIZ,15.32
0907-HQNTS,15.32
9788-HNGUT,15.31
1810-MVMAI,15.3
0042-JVWOJ,15.27
4686-GEFRM,15.26
8969-PRHFK,15.24
1133-KXCGE,15.23
8499-BRXTD,15.22
2294-DMMUS,15.2
2200-DSAAL,15.2
4816-OKWNX,15.2
6650-BWFRT,15.19
9209-NWPGU,15.17
1763-KUAAW,15.16
2380-DAMQP,15.15
4020-KIUDI,15.15
6840-RESVB,15.13
1337-BOZWO,15.13
3724-UCSHY,15.12
6164-HXUGH,15.11
3077-RSNTJ,15.1
9086-YJYXS,15.09
9589-ABEPT,15.07
4376-KFVRS,15.07
3410-YOQBQ,15.06
6286-ZHAOK,15.06
5474-LAMUQ,15.04
1545-ACTAS,15.03
5451-YHYPW,15.02
3259-KNMRR,15.02
3115-CZMZD,15.02
9746-MDMBK,15.02
9750-BOOHV,15.01
5914-XRFQB,14.99
1222-LRYKO,14.96
1480-BKXGA,14.95
3594-BDSOA,14.94
3669-WHAFY,14.91
8089-UZWLX,14.91
1131-ALZWV,14.9
3778-FOAQW,14.89
3658-QQJYD,14.87
9046-DQMTP,14.86
9297-FVVDH,14.84
5855-EIBDE,14.84
9127-QRZMH,14.83
1779-PWPMG,14.82
5135-GRQJV,14.81
3128-YOVTD,14.8
8029-XYPWT,14.79
7544-ZVIKX,14.79
2388-LAESQ,14.79
9928-BZVLZ,14.78
9298-WGMRW,14.78
2121-JAFOM,14.77
0961-ZWLVI,14.77
6050-FFXES,14.77
3645-DEYGF,14.77
2812-SFXMJ,14.77
4291-HPAXL,14.77
0927-CNGRH,14.77
8996-ZROXE,14.76
8628-MFKAX,14.71
9143-CANJF,14.71
6551-ZCOTS,14.7
4598-ZADCK,14.7
8100-HZZLJ,14.68
9974-JFBHQ,14.66
9351-HXDMR,14.64
5186-PEIZU,14.63
6502-KUGLL,14.62
1178-PZGAB,14.61
3012-VFFMN,14.61
5127-BZENZ,14.59
6648-INWPS,14.59
5774-XZTQC,14.59
2878-RMWXY,14.59
1325-USMEC,14.58
4732-RRJZC,14.58
2073-QBVBI,14.56
6919-ELBGL,14.56
1159-WFSGR,14.55
6734-FQAJX,14.54
3181-MIZBN,14.54
5038-ETMLM,14.53
2055-BFOCC,14.52
0872-CASZJ,14.52
8869-LIHMK,14.51
6869-FGJJC,14.51
3482-ABPKK,14.5
8559-WNQZS,14.48
5872-OEQNH,14.47
2898-MRKPI,14.47
3011-WQKSZ,14.43
9239-GZHZE,14.42
7369-TRPFD,14.41
5641-DMBFJ,14.4
7191-ADRGF,14.39
0945-TSONX,14.38
9558-IHEZX,14.37
2796-UUZZO,14.36
5740-YHGTW,14.36
9637-CDTKZ,14.35
9866-OCCKE,14.33
0619-OLYUR,14.33
6048-UWKAL,14.32
3275-RHRNE,14.3
4909-JOUPP,14.29
4717-GHADL,14.29
2282-YGNOR,14.28
6778-EICRF,14.28
2453-SAFNS,14.25
3156-QLHBO,14.25
2410-CIYFZ,14.24
2144-ESWKO,14.22
8348-JLBUG,14.2
5995-WWKKG,14.19
4778-IZARL,14.18
1752-OZXFY,14.16
1697-BCSHV,14.14
1552-TKMXS,14.12
3099-OONVS,14.1
2320-TZRRH,14.08
2923-ARZLG,14.07
2466-NEJOJ,14.06
2798-NYLMZ,14.05
7148-XZPHA,14.05
1045-LTCYT,14.01
9070-BCKQP,13.98
5172-RKOCB,13.97
1841-YSJGV,13.93
9680-NIAUV,13.92
9955-QOPOY,13.89
0997-YTLNY,13.88
1455-HFBXA,13.87
1017-FBQMM,13.83
8311-UEUAB,13.82
5671-RQRLP,13.79
6176-YJWAS,13.78
1439-LCGVL,13.78
9146-JRIOX,13.76
7923-IYJWY,13.76
2829-HYVZP,13.76
2959-EEXWB,13.74
4868-AADLV,13.73
7764-BDPEE,13.73
7521-YXVZY,13.72
3039-MJSLN,13.71
1154-HYWWO,13.7
7247-XOZPB,13.59
8746-BFOAJ,13.58
3253-HKOKL,13.57
9541-PWTWO,13.57
8947-YRTDV,13.54
4450-MDZFX,13.53
5376-PCKNB,13.51
0868-VJRDR,13.46
2190-PHBHR,13.45
5820-PTRYM,13.39
8085-MSNLK,13.39
7244-QWYHG,13.39
2234-XADUH,13.34
3705-RHRFR,13.32
4054-CUMIA,13.32
4611-ANLQC,13.3
5944-UGLLK,13.3
7581-EBBOU,13.26
8106-GWQOK,13.26
9929-PLVPA,13.25
2639-UGMAZ,13.23
8208-EUMTE,13.22
0036-IHMOT,13.18
6999-CHVCF,13.18
2361-UPSND,13.17
8216-AZUUZ,13.14
5847-MXBEO,13.13
6114-TCFID,13.13
3125-RAHBV,13.12
6352-GIGGQ,13.11
1430-SFQSA,13.11
9746-UGFAC,13.09
4000-VGMQP,13.07
8022-BECSI,13.04
6211-WWLTF,13.02
4075-WKNIU,13.01
5318-YKDPV,13.0
2706-QZIHY,12.99
2519-TWKFS,12.98
0716-BQNDX,12.98
8963-MQVYN,12.97
0334-ZFJSR,12.97
7325-ENZFI,12.94
8221-HVAYI,12.86
3926-YZVVX,12.85
5555-RNPGT,12.84
9220-ZNKJI,12.84
6994-FGRHH,12.83
4422-QVIJA,12.83
2091-GPPIQ,12.8
2739-CCZMB,12.78
9294-TDIPC,12.72
0727-BNRLG,12.71
7989-AWGEH,12.69
1790-NESIO,12.68
6691-CCIHA,12.67
6174-NRBTZ,12.67
8898-KASCD,12.66
9225-BZLNZ,12.66
0254-FNMCI,12.65
4063-EIKNQ,12.65
7005-CYUIL,12.65
7554-NEWDD,12.63
1682-VCOIO,12.63
5716-EZXZN,12.62
4830-FAXFM,12.62
1492-QGCLU,12.62
4712-UYOOI,12.58
7446-SFAOA,12.57
0489-WMEMG,12.57
8319-QBEHW,12.56
7137-NAXML,12.51
8999-YPYBV,12.47
8815-LMFLX,12.43
1821-BUCWY,12.42
8561-NMTBD,12.39
8433-WPJTV,12.38
2368-GAKKQ,12.38
3174-AKMAS,12.37
1121-QSIVB,12.36
6754-LZUKA,12.34
1345-GKDZZ,12.29
2361-FJWNO,12.29
7623-HKYRK,12.26
9555-SAHUZ,12.26
3605-JISKB,12.26
4719-UMSIY,12.25
3442-ZHHCC,12.24
6188-UXBBR,12.24
8849-PRIQJ,12.23
3378-AJRAO,12.22
0835-DUUIQ,12.21
7244-KXYZN,12.21
6904-JLBGY,12.19
1536-YHDOE,12.19
7107-UBYKY,12.17
5989-AXPUC,12.16
7055-JCGNI,12.14
6476-EPYZR,12.13
4667-QONEA,12.09
8668-KNZTI,12.07
0013-SMEOE,12.06
2239-CGBUZ,12.05
0670-ANMUU,12.04
0208-BPQEJ,12.04
7196-LIWRH,12.04
6937-GCDGQ,12.03
9150-KPBJQ,12.02
7176-WRTNX,12.01
4547-FZJWE,12.0
0536-ESJEP,11.99
9194-GFVOI,11.98
7061-OVMIM,11.98
1043-UXOVO,11.97
3230-IUALN,11.95
7305-ZWMAJ,11.94
1271-UODNO,11.94
4304-TSPVK,11.93
2690-DVRVK,11.93
0083-PIVIK,11.93
0219-QAERP,11.93
7375-WMVMT,11.9
1297-VQDRP,11.89
9670-BPNXF,11.86
0104-PPXDV,11.84
1936-CZAKF,11.83
0487-CRLZF,11.81
5183-KLYEM,11.81
3887-PBQAO,11.8
1642-HMARX,11.77
6061-PQHMK,11.73
2999-AANRQ,11.72
6479-OAUSD,11.7
7338-ERIVA,11.68
9926-PJHDQ,11.67
3387-PLKUI,11.64
0689-DSXGL,11.63
3546-GHEAE,11.62
5012-YSPJJ,11.61
7929-SKFGK,11.6
0310-SUCIN,11.6
8213-TAZPM,11.59
6614-FHDBO,11.56
4664-NJCMS,11.56
9251-WNSOD,11.54
0513-RBGPE,11.54
3655-SNQYZ,11.54
3963-RYFNS,11.53
7670-ZBPOQ,11.52
9885-MFVSU,11.52
5512-IDZEI,11.51
1488-SYSFC,11.51
5129-HHMZC,11.51
9796-MVYXX,11.49
1576-PFZIW,11.48
2040-LDIWQ,11.48
6981-TDRFT,11.47
5327-XOKKY,11.45
9577-WJVCQ,11.42
1850-AKQEP,11.41
4694-PHWFW,11.4
4776-XSKYQ,11.39
2717-HVIZY,11.39
4801-KFYKL,11.38
0019-EFAEP,11.38
4525-VZCZG,11.37
3571-DPYUH,11.35
1265-HVPZB,11.34
2233-TXSIU,11.26
3985-HOYPM,11.26
7994-XIRTR,11.25
7136-IHZJA,11.24
7803-XOCCZ,11.23
3523-BRGUW,11.23
8388-DMKAE,11.18
3547-LQRIK,11.17
2408-PSJVE,11.17
4795-UXVCJ,11.16
9030-QGZNL,11.16
2530-FMFXO,11.15
4355-CVPVS,11.14
3244-CQPHU,11.13
2017-CCBLH,11.13
9000-PLFUZ,11.13
7570-WELNY,11.12
4163-NCJAK,11.11
6447-GORXK,11.08
8727-XDPUD,11.08
7663-YJHSN,11.06
6726-NNFWD,11.06
1131-SUEKT,11.04
0810-DHDBD,11.04
2676-SSLTO,11.02
5914-GXMDA,11.02
1245-HARPS,11.02
5394-MEITZ,11.01
2931-XIQBR,11.0
8735-NBLWT,10.97
4565-EVZMJ,10.96
3898-BSJYF,10.95
2933-XEUJM,10.93
5214-CHIWJ,10.91
5170-PTRKA,10.91
6016-NXBNJ,10.91
7446-KQISO,10.9
7359-WWYJV,10.89
9839-ETQOE,10.88
6516-NKQBO,10.87
0604-THJFP,10.87
2150-OEGBV,10.86
0906-QVPMS,10.85
5018-LXQQG,10.85
1022-RKXDR,10.84
8513-OLYGY,10.82
6603-YRDCJ,10.79
8387-UGUSU,10.78
1998-VHJHK,10.77
5384-ZTTWP,10.77
7605-BDWDC,10.75
2580-ASVVY,10.75
5256-SKJGO,10.74
8809-XKHMD,10.74
6563-VRERX,10.72
4116-IQRFR,10.7
6195-MELTI,10.7
2696-ECXKC,10.7
5393-HJZSM,10.66
5056-FIMPT,10.64
9959-WOFKT,10.63
1934-MKPXS,10.62
4385-ZKVNW,10.62
1839-UMACK,10.61
5386-THSLQ,10.59
3982-JGSFD,10.55
9531-NSBMR,10.53
6837-HAEVO,10.53
2167-FQSTQ,10.5
7508-KBIMB,10.49
8007-YYPWD,10.48
4111-BNXIF,10.41
2250-IVBWA,10.39
6823-SIDFQ,10.39
3720-DBRWL,10.38
2123-VSCOT,10.38
8331-ZXFOE,10.37
3134-DSHVC,10.37
4648-YPBTM,10.37
3186-AJIEK,10.36
9677-AVKED,10.36
4872-VXRIL,10.34
2096-XOTMO,10.34
1525-LNLOJ,10.34
5781-BKHOP,10.34
7876-AEHIG,10.33
0946-FKYTX,10.32
0378-CJKPV,10.31
3055-VTCGS,10.3
1937-OTUKY,10.29
3280-NMUVX,10.27
3096-WPXBT,10.25
7109-CQYUZ,10.23
7269-JISCY,10.22
1088-CNNKB,10.21
9308-ANMVE,10.21
2129-ALKBS,10.19
5808-TOTXO,10.17
6732-VAILE,10.15
6319-QSUSR,10.15
3865-YIOTT,10.15
5062-CJJKH,10.14
3181-VTHOE,10.14
5681-LLOEI,10.14
0487-VVUVK,10.14
2126-GSEGL,10.13
4531-AUZNK,10.13
1247-QBVSH,10.12
7501-IWUNG,10.11
0731-EBJQB,10.1
5469-NUJUR,10.09
1872-EBWSC,10.08
6418-HNFED,10.08
7105-BENQF,10.08
4716-MRVEN,10.06
4526-RMTLL,10.06
8465-SBRXP,10.05
3506-OVLKD,10.04
3298-QEICA,10.03
5269-NRGDP,10.01
6064-ZATLR,9.99
2252-NKNSI,9.98
1282-IHQAC,9.97
8873-TMKGR,9.96
9018-PCIOK,9.96
0864-FVJNJ,9.96
6698-OXETB,9.96
0023-UYUPN,9.95
1093-YSWCA,9.95
3474-BAFSJ,9.94
5893-PYOLZ,9.9
2904-GGUAZ,9.88
2239-CFOUJ,9.88
1064-FBXNK,9.87
0078-XZMHT,9.85
0014-BMAQU,9.82
0756-MPZRL,9.82
6465-GSRCL,9.82
2495-TTHBQ,9.8
4513-CXYIX,9.79
0218-QNVAS,9.78
0547-HURJB,9.76
5260-UMPWX,9.75
5495-GPSRW,9.75
6631-HMANX,9.73
4826-DXMUP,9.71
5197-LQXXH,9.7
7026-YMSBE,9.68
7639-LIAYI,9.65
0129-QMPDR,9.65
0980-FEXWF,9.64
7010-ZMVBF,9.63
1402-PTHGN,9.61
4751-ERMAN,9.61
0744-GKNGE,9.56
1442-OKRJE,9.55
6872-HXFNF,9.55
6242-SGYTS,9.53
4835-YSJMR,9.52
3957-HHLMR,9.52
4980-URKXC,9.51
5245-VDBUR,9.51
8292-FRFZQ,9.49
8610-ZIKJJ,9.49
5446-DKWYW,9.47
0993-OSGPT,9.46
9824-QCJPK,9.45
1328-EUZHC,9.44
6933-VLYFX,9.44
0076-LVEPS,9.43
7945-HLKEA,9.43
9309-BZGNT,9.42
7432-FFVAR,9.42
4884-TVUQF,9.42
0305-SQECB,9.41
4859-ZSRDZ,9.41
1265-BCFEO,9.4
8908-SLFCJ,9.37
2890-WFBHU,9.37
6447-EGDIV,9.37
9822-BIIGN,9.36
1038-RQOST,9.31
9754-CLVZW,9.31
9253-VIFJQ,9.31
0743-HRVFF,9.3
0128-MKWSG,9.28
6103-LIANB,9.27
6131-IUNXN,9.27
3057-VJJQE,9.27
3161-ONRWK,9.26
0967-BMLBD,9.25
7328-OWMOM,9.25
8871-JLMHM,9.24
9495-REDIY,9.24
7277-KAMWT,9.22
1206-EHBDD,9.21
5063-IUOKK,9.21
2773-MADBQ,9.21
2612-PHGOX,9.19
5014-GSOUQ,9.18
1187-WILMM,9.18
8024-XNAFQ,9.15
2088-IEBAU,9.15
4750-UKWJK,9.14
8932-CZHRQ,9.13
4072-IPYLT,9.12
7940-UQQUG,9.11
7622-FWGEW,9.05
0916-KNFAJ,9.05
6437-UDQJM,9.05
6506-EYCNH,9.03
5232-NXPAY,9.03
3190-FZATL,9.03
8512-WIWYV,9.01
8782-NUUOL,8.99
5762-TJXGK,8.99
6339-RZCBJ,8.98
0519-DRGTI,8.96
4827-LTQRJ,8.96
4890-VMUAV,8.95
5918-VUKWP,8.95
6339-TBELP,8.93
8672-OAUPW,8.92
2164-SOQXL,8.92
1936-UAFEH,8.91
2277-AXSDC,8.91
1395-OFUWC,8.9
5871-DGTXZ,8.89
9919-FZDED,8.87
5917-RYRMG,8.87
9074-KGVOX,8.86
9805-FILKB,8.85
7925-PNRGI,8.85
7401-JIXNM,8.83
2302-OUZXB,8.82
8454-AATJP,8.8
8681-ICONS,8.8
9385-NXKDA,8.79
5924-SNGKP,8.78
3935-TBRZZ,8.78
4627-MIHJH,8.77
4423-JWZJN,8.77
9715-SBVSU,8.77
5574-NXZIU,8.72
8510-BBWMU,8.71
9236-NDUCW,8.71
1023-BQXZE,8.69
0320-DWVTU,8.69
3552-CTCYF,8.68
4737-HOBAX,8.68
6586-PSJOX,8.67
9795-NREXC,8.67
3508-CFVZL,8.66
9880-TDQAC,8.65
0459-SPZHJ,8.63
7779-ORAEL,8.6
9695-IDRZR,8.6
5975-BAICR,8.6
9362-MWODR,8.58
4452-ROHMO,8.55
6719-FGEDO,8.55
6223-DHJGV,8.53
8670-ERCJH,8.51
3841-NFECX,8.51
0661-KBKPA,8.5
4560-WQAQW,8.5
4584-LBNMK,8.49
5862-BRIXZ,8.47
2775-SEFEE,8.46
3486-KHMLI,8.46
0559-CKHUS,8.46
2887-JPYLU,8.46
3401-URHDA,8.44
6121-TNHBO,8.43
9391-LMANN,8.42
8717-VCTXJ,8.39
0121-SNYRK,8.38
1042-HFUCW,8.37
1122-YJBCS,8.35
2581-VKIRT,8.35
5307-UVGNB,8.34
1452-XRSJV,8.33
6681-ZSEXG,8.32
2830-LEWOA,8.32
0164-XAIRP,8.31
1568-LJSZU,8.3
9470-YFUYI,8.28
1431-CYWMH,8.26
4024-CSNBY,8.26
1096-ADRUX,8.25
3423-HHXAO,8.25
2990-OGYTD,8.25
4615-PIVVU,8.23
2057-BOYKM,8.23
7233-PAHHL,8.22
0455-ENTCR,8.21
6258-PVZWJ,8.2
3530-VWVGU,8.2
7469-LKBCI,8.2
5578-NKCXI,8.17
8469-SNFFH,8.15
3258-SYSWS,8.15
9227-UAQFT,8.15
8174-TBVCF,8.14
4713-ZBURT,8.14
4538-WNTMJ,8.14
7322-OCWHC,8.13
5061-PBXFW,8.13
0895-LNKRC,8.12
5982-PSMKW,8.11
0661-KQHNK,8.11
7762-ONLJY,8.1
9705-ZJBCG,8.09
4950-HKQTE,8.09
8184-WMOFI,8.09
3638-WEABW,8.08
5816-JMLGY,8.08
6518-KZXCB,8.05
5514-YQENT,8.05
1090-ESELR,8.05
3489-VSFRD,8.05
3324-OIRTO,8.03
0853-TWRVK,8.02
6265-SXWBU,8.02
8100-PNJMH,8.01
8884-FEEWR,8.0
3458-IDMFK,8.0
9803-FTJCG,8.0
1301-LOPVR,7.99
9013-AQORL,7.99
8707-HOEDG,7.99
1293-HHSHJ,7.99
4178-EGMON,7.97
4039-PIMHX,7.97
4115-UMJFQ,7.94
9509-MPYOD,7.94
5153-LXKDT,7.94
5684-FJVYR,7.94
9995-HOTOH,7.92
4578-PHJYZ,7.91
9565-FLVCG,7.9
5696-EXCYS,7.9
9906-NHHVC,7.9
3525-DVKFN,7.89
2812-REYAT,7.89
0788-DXBFY,7.89
5702-KVQRD,7.88
4451-RWASJ,7.88
3266-FTKHB,7.88
7138-GIRSH,7.87
3654-ARMGP,7.87
2863-IMQDR,7.86
9359-UGBTK,7.84
9570-KYEUA,7.81
3649-JPUGY,7.79
7696-AMHOD,7.78
2171-UDMFD,7.78
0795-LAFGP,7.77
0221-NAUXK,7.77
6122-EFVKN,7.74
9479-HYNYL,7.73
3026-ATZYV,7.72
2000-DHJUY,7.72
6661-EIPZC,7.71
2330-PQGDQ,7.71
5451-MHQOF,7.71
6685-GBWJZ,7.71
7572-KPVKK,7.71
8958-JPTRR,7.7
4568-KNYWR,7.67
6234-RAAPL,7.66
3648-GZPHF,7.66
6048-NJXHX,7.65
1036-GUDCL,7.65
9871-ELEYA,7.64
9931-DCEZH,7.64
3372-CDXFJ,7.64
5857-XRECV,7.62
9711-FJTBX,7.61
1084-MNSMJ,7.6
2333-KWEWW,7.6
9073-ZZIAY,7.59
8766-PAFNE,7.59
9447-YPTBX,7.59
6752-APNJL,7.58
6963-EZQEE,7.54
3486-NPGST,7.53
7795-CFOCW,7.53
7579-KKLOE,7.52
8144-DGHXP,7.51
4086-ATNFV,7.49
9477-LGWQI,7.48
1150-FTQGN,7.48
9150-HEPMB,7.46
9548-LERKT,7.46
5313-FPXWG,7.45
9675-ICXCT,7.44
4419-UJMUS,7.43
6023-GSSXW,7.42
8390-FESFV,7.41
3721-WKIIL,7.41
5248-KWLAR,7.41
9778-OGKQZ,7.4
0248-PGHBZ,7.4
2400-XIWIO,7.39
7596-IIWYC,7.39
8327-WKMIE,7.39
0909-SELIE,7.38
1535-VTJOQ,7.38
6993-YCOBK,7.35
8690-UPCZI,7.34
7503-MIOGA,7.31
8197-BFWVU,7.31
5387-ASZNZ,7.3
9548-LIGTA,7.26
1227-UDMZR,7.25
3865-ZFZIB,7.25
2430-RRYUW,7.25
8060-HIWJJ,7.24
4537-CIBHB,7.21
7054-DMVAS,7.21
8200-LGKSR,7.21
6242-FEGFD,7.2
7691-KGKGP,7.17
5676-CFLYY,7.17
8859-AXJZP,7.16
4121-AGSIN,7.15
5130-YPIRV,7.15
7839-NUIAA,7.13
6427-FEFIG,7.12
0123-CRBRT,7.1
3740-RLMVT,7.09
1971-DTCZB,7.09
2845-KDHVX,7.07
1729-VLAZJ,7.07
3398-GCPMU,7.07
7641-TQFHN,7.06
1951-IEYXM,7.06
7816-VGHTO,7.05
2753-JMMCV,7.05
7190-XHTWJ,7.05
3146-MSEGF,7.04
5003-XZWWO,7.03
6120-RJKLU,7.03
0902-RFHOF,7.02
2292-XQWSV,7.02
8345-MVDYC,7.01
3308-JSGML,7.01
5148-HKFIR,7.0
8400-WZICQ,6.99
5248-YGIJN,6.99
3724-BSCVH,6.98
2056-EVGZL,6.98
5380-XPJNZ,6.97
1866-DIOQZ,6.95
9339-FIIJL,6.93
6701-YVNQG,6.92
7508-DQAKK,6.9
5372-FBKBN,6.89
5997-OPVFA,6.88
6810-VCAEX,6.87
5980-BDHPY,6.85
6094-ZIVKX,6.85
7609-YBPXG,6.85
7633-MVPUY,6.84
2977-CEBSX,6.82
1813-JYWTO,6.8
7564-GHCVB,6.8
1755-FZQEC,6.79
6504-VBLFL,6.78
5986-WWXDV,6.78
7029-IJEJK,6.77
5642-MHDQT,6.77
9489-DEDVP,6.77
2192-OZITF,6.76
1265-ZFOSD,6.75
2226-ICFDO,6.74
5110-CHOPY,6.74
8661-BOYNW,6.73
3891-NLXJB,6.73
6248-TKCQV,6.7
8125-QPFJD,6.7
5442-BXVND,6.7
8218-FFJDS,6.69
8745-PVESG,6.69
4703-MQYKT,6.69
7173-TETGO,6.68
7025-WCBNE,6.66
2521-NPUZR,6.66
9066-QRSDU,6.64
4129-LYCOI,6.63
4381-MHQDC,6.63
8098-TDCBU,6.63
4549-ZDQYY,6.61
5485-ITNPC,6.6
7552-KEYGT,6.6
6549-BTYPG,6.6
3249-VHRIP,6.59
4018-KJYUY,6.59
1004-NOZNR,6.57
8608-OZTLB,6.55
6586-MYGKD,6.55
9402-ROUMJ,6.53
6967-PEJLL,6.53
7284-ZZLOH,6.53
5656-MJEFC,6.52
1904-WAJAA,6.51
4616-ULAOA,6.51
9560-BBZXK,6.5
6166-YIPFO,6.49
1090-PYKCI,6.47
9715-WZCLW,6.47
6047-SUHPR,6.46
6974-DAFLI,6.44
5917-HBSDW,6.44
4188-PCPIG,6.44
7110-BDTWG,6.42
5306-BVTKJ,6.42
7182-OVLBJ,6.39
2868-LLSKM,6.38
3487-EARAT,6.38
3911-RSNHI,6.37
7520-HQWJU,6.36
0771-CHWSK,6.35
3796-ENZGF,6.35
1194-BHJYC,6.34
3557-HTYWR,6.34
8819-WFGGJ,6.34
3612-YUNGG,6.33
3957-SQXML,6.33
0436-TWFFZ,6.31
8050-DVOJX,6.3
3108-PCCGG,6.29
2205-LPVGL,6.29
1832-PEUTS,6.27
4254-QPEDE,6.25
1972-XMUWV,6.25
1015-JPFYW,6.25
3082-YVEKW,6.23
3022-BEXHZ,6.22
4291-YZODP,6.21
3441-CGZJH,6.21
4702-HDRKD,6.21
9313-CDOGY,6.2
7975-JMZNT,6.2
3638-VBZTA,6.19
3079-BCHLN,6.17
6388-TABGU,6.17
0420-TXVSG,6.15
4893-GYUJU,6.14
3213-VVOLG,6.13
4367-NUYAO,6.13
0323-XWWTN,6.13
4323-ELYYB,6.12
7758-UJWYS,6.11
8565-WUXZU,6.1
2877-VDUER,6.1
5204-HMGYF,6.1
0839-JTCUD,6.09
2192-CKRLV,6.05
9135-MGVPY,6.04
0301-KOBTQ,6.03
0960-HUWBM,6.03
0707-HOVVN,6.02
1686-STUHN,6.02
8398-TBIYD,6.02
2324-AALNO,6.01
9140-CZQZZ,5.99
4163-HFTUK,5.99
0784-GTUUK,5.98
2332-TODQS,5.98
3301-VKTGC,5.97
1395-WSWXR,5.96
0020-JDNXP,5.95
1371-OJCEK,5.95
4815-YOSUK,5.94
9845-QOMAD,5.94
0383-CLDDA,5.94
0379-DJQHR,5.91
4774-HHGGS,5.9
6848-YLDFR,5.89
9968-FFVVH,5.88
7021-XSNYE,5.87
7297-DVYGA,5.85
6064-PUPMC,5.85
9297-EONCV,5.84
6152-ONASV,5.84
0357-NVCRI,5.82
1760-CAZHT,5.82
8741-LQOBK,5.81
7073-QETQY,5.81
0979-MOZQI,5.78
4854-SSLTN,5.78
9483-GCPWE,5.77
1401-FTHFQ,5.76
3315-IKYZQ,5.76
4006-HKYHO,5.76
0440-EKDCF,5.75
4884-LEVMQ,5.74
8430-TWCBX,5.73
0412-UCCNP,5.72
5003-OKNNK,5.71
0679-TDGAK,5.71
1272-ILHFG,5.71
2805-AUFQN,5.7
6509-TSGWN,5.7
8015-IHCGW,5.69
6616-AALSR,5.69
1599-MMYRQ,5.69
7301-ABVAD,5.68
9435-JMLSX,5.68
7639-OPLNG,5.67
5494-WOZRZ,5.64
2724-FJDYW,5.64
9732-OUYRN,5.64
9102-OXKFY,5.63
0048-PIHNL,5.63
4973-MGTON,5.62
5073-RZGBK,5.6
3500-NSDOA,5.59
9500-IWPXQ,5.58
1222-KJNZD,5.58
1139-WUOAH,5.57
0862-PRCBS,5.56
9702-AIUJO,5.55
0266-CLZKZ,5.55
6527-PZFPV,5.54
2987-BJXIK,5.54
4526-EXKKN,5.53
6741-QRLUP,5.51
4782-OSFXZ,5.51
2122-SZZZD,5.51
8670-MEFCP,5.5
2030-BTZRO,5.49
7101-HRBLJ,5.48
7349-ALMUX,5.47
1069-QJOEE,5.45
9127-FHJBZ,5.43
6953-PBDIN,5.43
6870-ZWMNX,5.43
5125-CNDSP,5.42
1568-BEKZM,5.41
4671-VJLCL,5.41
6584-VQMYT,5.4
3166-PNEOF,5.4
6916-HIJSE,5.39
4291-TPNFG,5.39
9046-JBFWA,5.39
7255-SSFBC,5.39
7319-ZNRTR,5.38
1834-ABKHQ,5.37
3908-MKIMJ,5.36
8612-GXIDD,5.36
7815-PDTHL,5.35
4654-ULTTN,5.35
8591-TKMZH,5.34
3549-ZTMNH,5.33
7649-SIJJF,5.33
6814-ZPWFQ,5.32
6434-TTGJP,5.32
3779-OSWCF,5.31
5792-JALQC,5.3
3572-UUHRS,5.3
2346-CZYIL,5.27
6103-QCKFX,5.26
3967-KXAPS,5.24
7398-HPYZQ,5.23
5171-EPLKN,5.23
8099-MZPUJ,5.22
2194-IIQOF,5.22
0020-INWCK,5.22
4213-HKBJO,5.22
2234-EOFPT,5.22
5148-ORICT,5.21
6461-SZMCV,5.2
4825-FUREZ,5.19
9068-VPWQQ,5.18
4203-QGNZA,5.16
6169-PGNCD,5.16
6374-AFWOX,5.16
0973-KYVNF,5.15
5377-NDTOU,5.15
0253-ZTEOB,5.15
7996-BPXHY,5.15
8901-UPRHR,5.14
6418-PIQSP,5.13
0827-ITJPH,5.13
6016-LVTJQ,5.13
0674-GCDXG,5.13
1775-KWJKQ,5.12
0269-XFESX,5.11
3521-HTQTV,5.1
6885-PKOAM,5.1
5879-HMFFH,5.09
7408-OFWXJ,5.08
0602-DDUML,5.08
4803-LBYPN,5.07
5329-KRDTM,5.07
3084-DOWLE,5.06
6288-CHQJB,5.04
0859-YGKFW,5.02
8181-YHCMF,5.02
9170-ARBTB,5.02
4685-TFLLS,5.02
3407-JMJQQ,5.01
3580-HYCSP,5.01
2027-DNKIV,5.01
7799-LGRDP,5.0
6551-VLJMV,4.99
7765-LWVVH,4.99
6203-HBZPA,4.99
2520-SGTTA,4.98
7644-OMVMY,4.98
7037-MTYVW,4.98
3219-JQRSL,4.97
0556-FJEGU,4.97
9620-QJREV,4.96
9640-ZSLDC,4.96
9742-XOKTS,4.96
9798-OPFEM,4.95
3363-DTIVD,4.94
3712-PKXZA,4.94
3251-YMVWZ,4.91
2927-CVULT,4.89
4057-FKCZK,4.89
6701-DHKWQ,4.89
6922-NCEDI,4.88
1320-GVNHT,4.87
5680-LQOGP,4.86
1627-AFWVJ,4.85
2703-AMTUL,4.84
3283-WCWXT,4.83
8748-HFWBO,4.82
1561-BWHIN,4.81
3850-OKINF,4.79
4723-BEGSG,4.79
9451-WLYRI,4.79
6177-PEVRA,4.79
1099-GODLO,4.79
5214-NLTIT,4.76
1970-KKFWL,4.76
8859-YSTWS,4.75
1699-UOTXU,4.72
0401-WDBXM,4.72
3902-MIVLE,4.71
4707-YNOQA,4.71
1163-VIPRI,4.7
7560-QRBXH,4.7
7168-HDQHG,4.69
4135-FRWKJ,4.68
7471-WNSUF,4.68
0839-QNXME,4.66
3067-SVMTC,4.66
2428-HYUNX,4.66
1431-AIDJQ,4.65
4877-TSOFF,4.65
4849-PYRLQ,4.65
0230-UBYPQ,4.64
2466-FCCPT,4.63
5825-XJOCM,4.63
5906-DVAPM,4.62
9782-LGXMC,4.61
5930-GBIWP,4.6
9110-HSGTV,4.6
4636-OLWOE,4.59
7131-ZQZNK,4.59
2882-WDTBA,4.58
6322-HRPFA,4.58
0530-IJVDB,4.58
5736-YEJAX,4.56
7472-EQOAV,4.56
0214-JHPFW,4.56
2296-DKZFP,4.54
7781-HVGMK,4.54
8174-LNWMW,4.53
9242-TKFSV,4.52
5149-QYTTU,4.52
7197-VOJMM,4.52
7971-HLVXI,4.51
8204-YJCLA,4.51
5275-PMFUT,4.5
5124-EOGYE,4.5
1303-SRDOK,4.5
6867-ACCZI,4.49
1094-BKOSX,4.49
8413-YNHNV,4.49
2274-XUATA,4.48
6265-FRMTQ,4.48
2649-HWLYB,4.47
9361-YNQWJ,4.46
5840-NVDCG,4.46
4999-IEZLT,4.46
1414-YADCW,4.45
5456-ITGIC,4.45
1032-MAELW,4.43
0114-IGABW,4.43
4676-WLUHT,4.42
8169-SAEJD,4.42
8779-YIQQA,4.41
4981-FLTMF,4.41
1407-DIGZV,4.41
7205-BAIAD,4.4
8259-DZLIZ,4.39
4334-HOWRP,4.39
2790-XUYMV,4.37
7527-QNRUS,4.37
4012-YCFAI,4.37
6061-GWWAV,4.36
8328-SKJNO,4.35
9184-GALIL,4.35
9674-EHPPG,4.34
5176-OLSKT,4.34
2589-AYCRP,4.34
9602-WCXPI,4.34
6445-TNRXS,4.34
1741-WTPON,4.33
4701-LKOZD,4.32
4378-MYPGO,4.32
2796-NNUFI,4.32
5317-FLPJF,4.31
6072-NUQCB,4.3
0732-OCQOC,4.3
0621-TSSMU,4.28
9938-TKDGL,4.28
8966-OIQHG,4.28
8404-VIOMB,4.28
4632-PAOYU,4.27
4825-XJGDM,4.26
9625-QNLUX,4.26
6368-TZZDT,4.24
0754-EEBDC,4.23
1087-GRUYI,4.23
3933-DQPWX,4.23
1354-YZFNB,4.23
9648-BCHKM,4.22
3396-DKDEL,4.21
9281-CEDRU,4.2
5231-FIQPA,4.2
3533-UVMOM,4.19
3399-BMLVW,4.19
6695-AMZUF,4.16
0230-WEQUW,4.15
0197-PNKNK,4.15
8859-DZTGQ,4.15
8097-OMULG,4.15
3795-CAWEX,4.15
3766-EJLFL,4.13
4102-HLENU,4.13
3078-ZKNTS,4.12
8883-ANODQ,4.12
0572-ZJKLT,4.12
6481-LXPWL,4.12
2990-IAJSV,4.11
0056-EPFBG,4.11
9108-EQPNQ,4.1
6244-BESBM,4.1
7569-NMZYQ,4.1
2176-LVPNX,4.09
1298-PHBTI,4.08
3617-XLSGQ,4.07
6693-DJWTY,4.06
2223-GDSHL,4.05
3284-SVCRO,4.05
4227-OJHAL,4.05
5375-XLDOF,4.04
2995-YWTCD,4.04
5542-NKVRU,4.04
0675-NCDYU,4.02
7636-PEPNS,4.02
5887-IKKYO,4.02
0442-TDYUO,4.02
4114-QMKVN,4.01
8191-XWSZG,3.99
3726-TBHQT,3.98
3870-SPZSI,3.98
1488-PBLJN,3.98
6007-TCTST,3.98
0017-IUDMW,3.97
1221-GHZEP,3.97
8194-PEEBY,3.97
1734-ZMNTZ,3.97
8146-QQKZH,3.96
5846-NEQVZ,3.96
2138-VFAPZ,3.96
7873-CVMAW,3.96
7710-JSYOA,3.95
8606-CIQUL,3.94
8374-UULRV,3.93
9453-PATOS,3.92
5915-ANOEI,3.92
1834-WULEG,3.91
3258-ZKPAI,3.9
8205-VSLRB,3.9
2954-PIBKO,3.9
6161-ERDGD,3.9
4933-BSAIP,3.9
2587-YNLES,3.89
9224-VTYID,3.89
3810-DVDQQ,3.89
0744-BIKKF,3.88
2969-VAPYH,3.88
3892-NXAZG,3.88
7898-PDWQE,3.86
6859-QNXIQ,3.85
5766-FTRTS,3.85
7730-CLDSV,3.84
6980-CDGFC,3.84
1352-HNSAW,3.84
1074-WVEVG,3.83
3795-GWTRD,3.83
4994-OBRSZ,3.83
3813-DHBBB,3.83
1985-MBRYP,3.83
7321-ZNSLA,3.82
9758-MFWGD,3.81
2541-YGPKE,3.81
7945-PRBVF,3.81
2650-GYRYL,3.81
0318-ZOPWS,3.81
5614-DNZCE,3.81
9631-RXVJM,3.8
4530-NDRKU,3.79
7632-YUTXB,3.79
3520-FJGCV,3.79
5197-YPYBZ,3.78
0936-NQLJU,3.78
1897-RCFUM,3.78
7471-MQPOS,3.77
8626-PTQGE,3.77
6670-MFRPK,3.77
7030-FZTFM,3.76
6598-KELSS,3.76
3938-YFPXD,3.75
9530-GRMJG,3.75
0608-JDVEC,3.75
7602-MVRMB,3.75
0266-GMEAO,3.75
5993-JSUWV,3.75
8314-HTWVE,3.75
3569-VLDHH,3.74
6950-TWMYB,3.74
2251-PYLPB,3.73
3071-MVJCD,3.73
3882-IYOIJ,3.73
9755-JHNMN,3.73
3230-JCNZS,3.73
9065-ZCPQX,3.71
8338-QIUNR,3.7
7017-VFHAY,3.7
5803-NQJZO,3.7
1776-SPBWV,3.69
8915-NNTRC,3.67
8336-TAVKX,3.67
0234-TEVTT,3.66
5781-RFZRP,3.65
1837-YQUCE,3.63
8480-PPONV,3.62
4079-WWQQQ,3.62
2005-DWQZJ,3.61
2878-DHMIN,3.6
4032-RMHCI,3.6
0224-NIJLP,3.6
2229-DPMBI,3.59
7337-CINUD,3.59
8039-ACLPL,3.59
5647-URDKA,3.58
6463-MVYRY,3.58
8148-WOCMK,3.57
9624-EGDEQ,3.54
6736-DHUQI,3.54
8760-ZRHKE,3.54
2516-XSJKX,3.54
9091-WTUUY,3.53
8917-FAEMR,3.53
2235-EZAIK,3.52
8639-NHQEI,3.51
9802-CAQUT,3.51
5095-ETBRJ,3.51
7860-KSUGX,3.51
8234-GSZYK,3.51
8908-NMQTX,3.49
5310-NOOVA,3.49
4304-XUMGI,3.49
7781-EWARA,3.49
2996-XAUVF,3.47
3352-RICWQ,3.46
9424-CMPOG,3.46
5057-RKGLH,3.45
4967-WPNCF,3.44
6898-RBTLU,3.43
8277-RVRSV,3.43
8571-ZCMCX,3.42
1982-FEBTD,3.41
0336-KXKFK,3.41
6119-SPUDB,3.4
5324-KTGCG,3.4
8821-KVZKQ,3.4
9795-SHUHB,3.38
6348-SNFUS,3.38
2451-YMUXS,3.37
2535-PBCGC,3.37
5965-GGPRW,3.37
1960-UOTYM,3.36
0582-AVCLN,3.36
2300-RQGOI,3.36
2384-OVPSA,3.35
1051-EQPZR,3.34
6013-BHCAW,3.34
2819-GWENI,3.33
3021-VLNRJ,3.33
1494-EJZDW,3.32
4837-PZTIC,3.31
8039-EQPIM,3.3
6695-FRVEC,3.3
9178-JHUVJ,3.3
6625-IUTTT,3.29
5176-LMJXE,3.29
4312-GVYNH,3.28
6115-ZTBFQ,3.28
5696-CEIQJ,3.27
0017-DINOC,3.27
8046-DNVTL,3.26
2550-AEVRU,3.26
9801-NOSHQ,3.26
9710-NJERN,3.25
8990-YOZLV,3.24
2683-JXWQQ,3.24
2789-CZANW,3.24
1063-DHQJF,3.23
3717-FDJFU,3.23
5006-MXVRN,3.22
2197-OMWGI,3.22
0804-YGEQV,3.2
1459-QNFQT,3.2
3200-MNQTF,3.2
5788-YPOEG,3.19
5044-XDPYX,3.18
8592-PLTMQ,3.18
9993-LHIEB,3.18
0486-LGCCH,3.18
2077-DDHJK,3.17
5158-RIVOP,3.17
1676-MQAOA,3.16
4992-LTJNE,3.15
8510-TMWYB,3.15
6384-VMJHP,3.13
7560-QJAVJ,3.13
0052-YNYOT,3.12
1929-ZCBHE,3.11
0362-RAOQO,3.11
7722-VJRQD,3.11
1813-JLKWR,3.1
9746-YKGXB,3.1
4735-BJKOU,3.1
4139-DETXS,3.1
2351-BKRZW,3.09
5161-UBZXI,3.09
3719-TDVQB,3.08
6754-WKSHP,3.06
8316-BBQAY,3.06
6614-YOLAC,3.06
5519-TEEUH,3.06
6828-HMKWP,3.06
5442-PPTJY,3.05
7998-WNZEM,3.05
1498-NHTLT,3.04
9588-YRFHY,3.04
0064-SUDOG,3.04
4342-HFXWS,3.03
3812-LRZIR,3.03
2662-NNTDK,3.02
7524-VRLPL,3.02
4018-PPNDW,3.01
9174-IHETN,3.01
9777-IQHWP,3.0
3392-EHMNK,3.0
6729-FZWSY,2.99
8402-OOOHJ,2.98
9372-TXXPS,2.97
0885-HMGPY,2.97
3097-FQTVJ,2.97
1092-WPIVQ,2.97
6000-UKLWI,2.96
6229-UOLQL,2.95
3831-YCPUO,2.95
9646-NMHXE,2.94
0361-HJRDX,2.93
8042-RNLKO,2.93
4521-WFJAI,2.93
1843-TLSGD,2.93
0854-UYHZD,2.92
2632-IVXVF,2.92
9610-WCESF,2.92
5093-FEGLU,2.92
7711-YIJWC,2.92
9668-PUGNU,2.91
6925-BAYGL,2.91
2984-TBYKU,2.9
9739-JLPQJ,2.89
1053-MXTTK,2.89
6519-ZHPXP,2.87
2404-JIBFC,2.87
5199-FPUSP,2.87
3129-AAQOU,2.86
6556-DBKZF,2.86
9867-XOBQA,2.86
8659-IOOPU,2.85
1862-QRWPE,2.85
7601-DHFWZ,2.84
5055-BRMNE,2.84
5696-JVVQY,2.83
4293-ETKAP,2.83
0336-PIKEI,2.83
8028-PNXHQ,2.83
2664-XJZNO,2.82
1452-UZOSF,2.82
0757-WCUUZ,2.82
9258-CNWAC,2.81
8241-JUIQO,2.81
4393-GEADV,2.8
5208-FVQKB,2.8
7473-ZBDSN,2.79
0181-RITDD,2.79
8466-PZBLH,2.79
5322-TEUJK,2.78
5627-TVBPP,2.78
6374-NTQLP,2.78
7596-ZYWBB,2.77
6901-GOGZG,2.77
6425-JWTDV,2.76
0654-PQKDW,2.76
5849-ASHZJ,2.76
8207-DMRVL,2.74
1047-RNXZV,2.74
0343-QLUZP,2.74
7416-CKTEP,2.74
8143-ETQTI,2.73
1073-XXCZD,2.73
9661-JALZV,2.71
5356-KZCKT,2.71
7963-SHNDT,2.69
5995-LFTLE,2.69
4737-AQCPU,2.69
7274-CGTOD,2.69
1403-LKLIK,2.68
2176-OSJUV,2.68
2266-FUBDZ,2.68
2040-XBAVJ,2.66
5321-NTRKC,2.66
5075-JSDKI,2.64
4625-LAMOB,2.63
1534-OULXE,2.63
1089-XZWHH,2.63
8067-NIOYM,2.63
6463-HHXJR,2.62
8896-RAZCR,2.62
2498-XLDZR,2.62
6087-YPWHO,2.61
9499-XPZXM,2.61
6725-TPKJO,2.61
1215-EXRMO,2.61
9830-ECLEN,2.61
6292-TOSSS,2.6
1177-XZBJL,2.6
3133-PZNSR,2.6
6609-MXJHJ,2.6
7921-BEPCI,2.6
1266-NZYUI,2.59
1699-TLDLZ,2.57
6696-YDAYZ,2.57
9639-BUJXT,2.57
3948-KXDUF,2.56
8645-KOMJQ,2.56
3170-NMYVV,2.56
4872-JCVCA,2.54
4883-KCPZJ,2.53
6407-GSJNL,2.52
4962-CHQPW,2.52
1757-TCATG,2.51
9067-YGSCA,2.51
9359-JANWS,2.51
3653-NCRDJ,2.51
2725-IWWBA,2.51
6080-LNESI,2.5
8008-OTEZX,2.5
4940-KHCWD,2.49
9945-PSVIP,2.47
4056-QHXHZ,2.47
0019-GFNTW,2.45
3389-KTRXV,2.44
8165-CBKXO,2.44
0263-FJTQO,2.44
8780-YRMTT,2.44
3662-FXJFO,2.44
2808-CHTDM,2.44
2405-LBMUW,2.44
7153-CHRBV,2.42
3154-HMWUU,2.42
8587-XYZSF,2.42
5859-HZYLF,2.41
3764-MNMOI,2.41
2068-WWXQZ,2.41
3429-IFLEM,2.4
8242-PDSGJ,2.4
4573-JKNAE,2.4
2143-LJULT,2.37
8606-OEGQZ,2.36
2892-GESUL,2.36
5529-GIBVH,2.35
9717-IOAAF,2.35
0932-YIXYU,2.35
6332-FBZRI,2.34
5498-IBWPI,2.34
3460-TJBWI,2.33
3896-ZVNET,2.32
6546-OPBBH,2.32
6961-MJKBO,2.32
3785-KTYSH,2.3
1657-DYMBM,2.3
5453-YBTWV,2.29
6772-WFQRD,2.29
4335-BSMJS,2.28
8999-EXMNO,2.28
4804-NCPET,2.28
0969-RGKCU,2.28
1897-OKVMW,2.27
4891-NLUBA,2.25
4299-OPXEJ,2.25
2606-PKWJB,2.24
0071-NDAFP,2.24
4361-FEBGN,2.23
1619-YWUBB,2.22
0016-QLJIS,2.22
3544-FBCAS,2.21
8590-YFFQO,2.21
0254-WWRKD,2.21
9916-AYHTC,2.21
4487-ZYJZK,2.2
8590-OHDIW,2.2
9950-MTGYX,2.2
0526-SXDJP,2.19
8540-ZQGEA,2.19
5583-EJXRD,2.19
1223-UNPKS,2.18
6217-KDYWC,2.18
5751-USDBL,2.17
3148-AOIQT,2.16
6522-OIQSX,2.16
8207-VVMYB,2.15
7771-CFQRQ,2.15
2599-CIPQE,2.15
1552-CZCLL,2.14
2193-SFWQW,2.13
5622-UEJFI,2.13
0281-CNTZX,2.12
7452-FOLON,2.12
6370-ZVHDV,2.12
1241-EZFMJ,2.12
1506-YJTYT,2.11
1172-VIYBP,2.11
8619-IJNDK,2.11
6614-YWYSC,2.11
0229-LFJAF,2.1
1088-AUUZZ,2.09
4785-FCIFB,2.08
1333-PBMXB,2.06
8232-CTLKO,2.06
2817-LVCPP,2.05
5666-MBJPT,2.04
1231-YNDEK,2.04
4295-YURET,2.04
8265-HKSOW,2.02
9548-ZMVTX,2.02
2335-GSODA,2.02
5668-MEISB,2.02
6369-MCAKO,2.01
1492-KGETH,2.01
0562-KBDVM,2.0
2961-VNFKL,2.0
1955-IBMMB,2.0
0374-FIUCA,1.99
9227-YBAXE,1.99
2632-TACXW,1.99
7014-ZZXAW,1.98
9964-WBQDJ,1.98
9958-MEKUC,1.98
4565-NLZBV,1.97
2256-YLYLP,1.97
8701-DGLVH,1.96
3612-YVGSJ,1.96
5996-EBTKM,1.96
4807-IZYOZ,1.96
2452-MRMZF,1.95
4698-KVLLG,1.94
5296-PSYVW,1.94
7996-MHXLW,1.94
7216-KAOID,1.94
7103-ZGVNT,1.93
3070-FNFZQ,1.93
6923-AQONU,1.92
1926-QUZNN,1.92
8450-LUGUK,1.92
5821-MMEIL,1.92
0354-VXMJC,1.92
5605-XNWEN,1.91
1080-BWSYE,1.91
0626-QXNGV,1.9
6917-FIJHC,1.9
3913-RDSJZ,1.9
8295-KMENE,1.9
7688-AWMDX,1.9
3212-KXOCR,1.9
8050-XGRVL,1.9
8069-RHUXK,1.89
6734-PSBAW,1.89
6199-IPCAO,1.89
8441-SHIPE,1.89
6164-HAQTX,1.88
8361-LBRDI,1.88
7706-YLMQA,1.88
5774-QPLTF,1.88
1240-HCBOH,1.88
1241-FPMOF,1.87
2211-RMNHO,1.87
4518-FZBSX,1.87
9415-ZNBSX,1.86
3027-YNWZU,1.86
2661-GKBTK,1.86
7973-DZRKH,1.86
6625-FLENO,1.86
6122-LJADA,1.85
0848-SOMKO,1.85
0191-EQUUH,1.84
8173-RXAYP,1.84
9348-ROUAI,1.83
4458-KVRBJ,1.82
3978-YNKDD,1.82
5177-RVZNU,1.82
5248-RPYWW,1.81
1635-HDGFT,1.8
9814-AOUDH,1.8
6349-JDHQP,1.8
9504-YAZWB,1.8
4718-WXBGI,1.79
0621-CXBKL,1.79
5707-ZMDJP,1.78
1167-OYZJF,1.78
5227-JSCFE,1.78
2675-IJRGJ,1.78
2146-EGVDT,1.78
4955-VCWBI,1.78
2580-ATZSQ,1.77
3508-VLHCZ,1.77
1830-GGFNM,1.77
7267-FRMJW,1.77
3950-VPYJB,1.76
8414-OOEEL,1.76
9581-GVBXT,1.75
1335-MXCSE,1.75
5266-PFRQK,1.75
4077-HWUYD,1.75
3635-QQRQD,1.75
9507-HSMMZ,1.74
9764-REAFF,1.74
0057-QBUQH,1.74
9087-EYCPR,1.74
5322-ZSMZY,1.74
5727-MYATE,1.73
9055-MOJJJ,1.73
2560-WBWXF,1.73
3970-XGJDU,1.73
2228-BZDEE,1.73
6408-WHTEF,1.73
9067-SQTNS,1.72
5249-QYHEX,1.72
1460-UZPRJ,1.71
7427-AUFPY,1.71
1269-FOYWN,1.71
8838-GPHZP,1.69
7850-THJMU,1.69
1930-QPBVZ,1.69
2137-DQMEV,1.68
3873-WOSBC,1.68
2160-GPFXD,1.67
9385-EHGDO,1.66
6656-GULJQ,1.65
7018-FPXHH,1.65
9286-BHDQG,1.65
8434-VGEQQ,1.65
7977-HXJKU,1.65
0704-VCUMB,1.64
4827-DPADN,1.64
4632-XJMEX,1.64
5795-BKOYE,1.64
3118-UHVVQ,1.63
4609-KNNWG,1.63
2725-TTRIQ,1.63
3768-VHXQO,1.63
5181-OABFK,1.62
8148-NLEGT,1.61
0298-XACET,1.61
2900-PHPLN,1.6
5406-KGRMX,1.6
6139-ZZRBQ,1.6
9028-LIHRP,1.59
2072-ZVJJX,1.59
7665-NKLAV,1.58
6134-KWTBV,1.57
3646-ITDGM,1.57
5699-BNCAS,1.57
2696-RZVZW,1.57
3227-WLKLI,1.56
2824-DXNKN,1.56
3050-RLLXC,1.55
7493-GVFIO,1.55
1705-GUHPV,1.55
6892-BOGQE,1.54
7164-BPTUT,1.54
9953-ZMKSM,1.53
9541-ZPSEA,1.53
7941-RCJOW,1.53
0780-XNZFN,1.52
4990-ALDGW,1.52
8902-ZEOVF,1.51
8464-EETCQ,1.51
5334-AFQJB,1.51
3566-CAAYU,1.5
0971-QIFJK,1.5
6010-DDPPW,1.5
8857-CUPFQ,1.49
0625-AFOHS,1.49
2378-YIZKA,1.49
9084-OAYKL,1.47
2511-ALLCS,1.47
5472-CVMDX,1.47
4896-CPRPF,1.47
4335-UPJSI,1.46
9418-RUKPH,1.46
3373-DIUUN,1.46
8577-QSOCG,1.46
5567-GZKQY,1.45
4589-IUAJB,1.45
5126-RCXYW,1.44
3774-VBNXY,1.44
4641-FROLU,1.43
1270-XKUCC,1.43
5982-XMDEX,1.43
8966-KZXXA,1.43
3836-FZSDJ,1.42
8347-GDTMP,1.42
2169-RRLFW,1.42
6848-HJTXY,1.42
2097-YVPKN,1.42
1987-AUELQ,1.42
7167-PCEYD,1.42
1839-FBNFR,1.41
4443-EMBNA,1.41
8690-ZVLCL,1.4
6813-GZQCG,1.4
1635-NZATJ,1.4
8292-ITGYJ,1.4
1131-QQZEB,1.39
9153-BTBVV,1.39
6439-PKTRR,1.39
5480-XTFFL,1.39
5846-ABOBJ,1.39
8468-FZTOE,1.38
8747-UDCOI,1.38
7161-DFHUF,1.38
7969-FFOWG,1.38
5320-BRKGK,1.37
9888-ZCUMM,1.37
3454-JFUBC,1.37
1767-CJKBA,1.37
7096-ZNBZI,1.36
4231-LZUYM,1.36
8749-TZYEC,1.36
4707-MAXGU,1.36
8237-ULIXL,1.36
2509-TFPJU,1.35
4836-WNFNO,1.35
2885-HIJDH,1.35
7115-IRDHS,1.35
8774-GSBUN,1.34
8735-SDUFN,1.34
5338-YHWYT,1.33
0739-UUAJR,1.33
7114-AEOZE,1.33
4312-KFRXN,1.32
3308-DGHKL,1.32
2525-GVKQU,1.32
4635-EJYPD,1.31
9650-VBUOG,1.31
4176-RELJR,1.3
9585-KKMFD,1.3
1027-LKKQQ,1.29
9392-XBGTD,1.29
9500-WBGRP,1.29
4674-HGNUA,1.28
2595-KIWPV,1.28
0244-LGNFY,1.28
3696-DFHHB,1.27
8249-THVEC,1.27
3727-OVPRY,1.27
3769-MHZNV,1.27
1945-XISKS,1.26
9823-EALYC,1.26
3569-JFODW,1.26
2729-VNVAP,1.26
5117-ZSMHQ,1.26
8874-EJNSR,1.26
9488-FVZCC,1.25
9489-JMTTN,1.25
0730-BGQGF,1.25
0363-SVHYR,1.25
3745-HRPHI,1.24
6484-LATFU,1.24
8722-PRFDV,1.24
5656-JAMLX,1.24
2925-VDZHY,1.23
6762-QVYJO,1.22
1716-LSAMB,1.22
5196-WPYOW,1.2
0238-WHBIQ,1.2
3472-QPRCH,1.2
4656-CAURT,1.2
0277-ORXQS,1.19
3973-SKMLN,1.19
9397-TZSHA,1.19
1722-LDZJS,1.17
6169-PPETC,1.17
3451-VAWLI,1.17
8544-JNBOX,1.17
4915-BFSXL,1.17
7872-BAAZR,1.16
5135-RDDQL,1.16
2984-RGEYA,1.16
6345-FZOQH,1.16
7601-GNDYK,1.16
7606-BPHHN,1.16
5845-BZZIB,1.15
2569-WGERO,1.15
1599-EAHXY,1.13
3262-EIDHV,1.13
2616-FLVQC,1.13
5743-KHMNA,1.12
4194-FJARJ,1.12
6060-QBMGV,1.12
6479-SZPLM,1.12
8597-CTXVJ,1.12
0505-SPOOW,1.11
2642-MAWLJ,1.11
4475-NVTLU,1.11
8285-ABVLB,1.1
8966-SNIZF,1.1
2821-WARNZ,1.09
2208-MPXIO,1.08
0301-FIDRB,1.08
5360-XGYAZ,1.08
2263-SFSQZ,1.08
7162-WPHPM,1.08
6897-RWMUB,1.07
3889-VWBID,1.07
5598-IKHQQ,1.07
7602-DBTOU,1.07
4644-OBGFZ,1.07
7696-CFTAT,1.07
5067-WJEUN,1.06
1591-XWLGB,1.06
2208-NKVVH,1.06
0825-CPPQH,1.06
6051-PTVNS,1.06
0795-XCCTE,1.06
0567-XRHCU,1.06
5397-NSKQG,1.06
8092-NLTGF,1.05
9443-JUBUO,1.05
7321-KKSDU,1.05
5296-BFCYD,1.04
0506-YLVKJ,1.04
1927-QEWMY,1.03
3910-MRQOY,1.03
2545-LXYVJ,1.03
0206-OYVOC,1.03
5201-CBWYG,1.03
5730-DBDSI,1.03
1302-TPUBN,1.03
7463-IFMQU,1.02
0404-AHASP,1.02
2848-YXSMW,1.01
2888-ADFAO,1.01
6365-HITVU,1.01
0397-ZXWQF,1.01
7306-YDSOI,1.01
5787-KXGIY,1.0
7139-JZFVG,1.0
5146-YYFRZ,0.99
8219-VYBVI,0.99
5457-COLHT,0.99
5016-LIPDW,0.98
3470-OBUET,0.98
5804-JMYIO,0.98
1116-FRYVH,0.98
3486-HOOGQ,0.97
4652-ODEVH,0.97
3704-IEAXF,0.97
6997-UVGOX,0.97
3274-NSDWE,0.97
7695-PKLCZ,0.97
5848-FHRFC,0.96
6096-EGVTU,0.96
2560-QTSBS,0.96
9503-XJUME,0.95
3120-FAZKD,0.94
1106-HRLKZ,0.94
6479-VDGRK,0.94
1209-VFFOC,0.94
3913-FCUUW,0.94
9068-FHQHD,0.94
9481-WHGWY,0.93
8807-OPMBM,0.92
8232-UTFOZ,0.92
7860-UXCRM,0.92
7515-LODFU,0.91
0988-AADSA,0.9
9938-PRCVK,0.9
5968-HYJRZ,0.9
5465-BUBFA,0.89
2908-WGAXL,0.89
9114-DPSIA,0.89
4900-MSOMT,0.88
9593-CVZKR,0.88
5939-SXWHM,0.87
8922-NPKBJ,0.87
8215-NGSPE,0.86
4878-BUNFV,0.86
4779-ZGICK,0.86
1085-LDWAM,0.86
4302-ZYFEL,0.85
0562-FGDCR,0.85
7009-PCARS,0.84
6248-BSHKG,0.84
7340-KEFQE,0.83
1697-LYYYX,0.83
6770-UAYGJ,0.83
7083-MIOPC,0.82
6283-GITPX,0.81
2429-AYKKO,0.81
3976-HXHCE,0.8
4636-TVXVG,0.8
9769-TSBZE,0.79
5549-ZGHFB,0.79
6518-PPLMZ,0.78
2162-FRZAA,0.77
5242-UOWHD,0.76
6619-RPLQZ,0.76
7599-NTMDP,0.75
0769-MURVM,0.75
6723-CEGQI,0.74
7647-GYYKX,0.74
8532-UEFWH,0.73
0386-CWRGM,0.73
2207-RYYRL,0.73
6762-NSODU,0.73
0774-RMNUW,0.73
3190-ITQXP,0.73
1207-BLKSA,0.73
5970-GHJAW,0.72
1248-DYXUB,0.72
9975-GPKZU,0.72
3580-GICBM,0.71
7634-HLQJR,0.71
3088-FVYWK,0.7
1709-EJDOX,0.7
8626-XHBIE,0.7
4742-TXUEX,0.69
6253-GNHWH,0.69
9081-WWXKP,0.69
2418-TPEUN,0.68
7033-CLAMM,0.68
9786-YWNHU,0.67
9251-AWQGT,0.67
2230-XTUWL,0.66
5010-IPEAQ,0.65
0270-THENM,0.65
0508-SQWPL,0.65
9220-CXRSC,0.64
7503-EPSZW,0.63
1468-DEFNC,0.63
7169-YWAMK,0.63
3359-DSRKA,0.63
1852-QSWCD,0.62
6340-DACFT,0.62
7242-EDTYC,0.62
4979-HPRFL,0.62
7399-QHBJS,0.62
2799-TSLAG,0.62
8395-ETZKQ,0.61
3884-UEBXB,0.6
0531-XBKMM,0.6
5115-GZDEL,0.6
6582-PLFUU,0.6
7113-HIPFI,0.59
1574-DYCWE,0.59
7008-LZVOZ,0.58
6685-XSHHU,0.58
0463-TXOAK,0.58
4534-WGCIR,0.57
9257-AZMTZ,0.57
9371-BITHB,0.57
7293-LSCDV,0.57
9565-AXSMR,0.57
3620-EHIMZ,0.56
3563-SVYLG,0.56
2481-SBOYW,0.56
3967-VQOGC,0.56
0603-TPMIB,0.55
9173-IVZVP,0.55
2314-TNDJQ,0.54
5220-AGAAX,0.53
7608-RGIRO,0.53
0040-HALCW,0.52
7480-SPLEF,0.52
7643-RCHXS,0.52
1814-WFGVS,0.51
5115-SQAAU,0.51
1306-RPWXZ,0.51
3511-BFTJW,0.51
5793-YOLJN,0.51
2400-FEQME,0.5
2075-PUEPR,0.5
3498-LZGQZ,0.5
1098-KFQEC,0.5
8380-MQINP,0.5
9135-HSWOC,0.48
8957-THMOA,0.48
8129-GMVGI,0.47
1399-OUPJN,0.47
4625-XMOYM,0.47
6734-JDTTV,0.46
8780-IHCRN,0.46
8946-BFWSG,0.46
9337-SRRNI,0.46
8755-OGKNA,0.46
8727-JQFHV,0.46
6024-RUGGH,0.45
9430-NKQLY,0.45
7729-XBTWX,0.45
1820-DJFPH,0.45
2253-KPMNB,0.45
2346-LOCWC,0.44
3457-PQBYH,0.44
3777-XROBG,0.43
7558-IMLMT,0.43
0485-ZBSLN,0.43
9972-EWRJS,0.43
8164-OCKUJ,0.43
2050-ONYDQ,0.43
8882-TLVRW,0.42
2626-VEEWG,0.42
7328-ZJAJO,0.42
8711-LOBKY,0.42
8514-VZHEB,0.42
2181-TIDSV,0.41
2007-QVGAW,0.4
7717-BICXI,0.4
8917-SZTTJ,0.4
6651-RLGGM,0.39
1830-IPXVJ,0.39
6857-TKDJV,0.39
6485-QXWWE,0.38
5902-WBLSE,0.38
0613-WUXUM,0.38
7225-IILWY,0.37
7268-WNTCP,0.37
0962-CQPWQ,0.37
7064-JHXCE,0.37
9574-BOSMD,0.37
2236-HILPA,0.37
4195-PNGZS,0.36
2718-YSKCS,0.36
9625-RZFUK,0.35
8043-PNYSD,0.35
6855-VLGOS,0.35
6621-NRZAK,0.35
6585-WCEWR,0.35
1293-BSEUN,0.35
0394-YONDK,0.35
5854-KSRBJ,0.35
6963-KQYQB,0.34
2607-DHDAK,0.34
3810-PJUHR,0.34
1299-AURJA,0.34
4821-WQOYN,0.34
0174-QRVVY,0.33
3261-CQXOL,0.33
7711-GQBZC,0.33
1555-HAPSU,0.32
0562-HKHML,0.32
6285-FTQBF,0.32
7980-MHFLQ,0.32
6181-AXXYF,0.32
5884-FBCTL,0.32
9838-BFCQT,0.32
6976-BWGLQ,0.32
3507-GASNP,0.32
0480-KYJVA,0.32
4193-IBKSW,0.32
9800-OUIGR,0.31
8224-KDLKN,0.31
7010-BRBUU,0.31
0402-OAMEN,0.31
8165-ZJRNM,0.31
7684-XSZIY,0.31
7157-SMCFK,0.3
0847-HGRML,0.29
3678-MNGZX,0.29
5893-KCLGT,0.28
5799-JRCZO,0.28
7876-DNYAP,0.28
6980-IMXXE,0.28
0042-RLHYP,0.27
0902-XKXPN,0.27
9537-JALFH,0.27
5346-BZCHP,0.27
7673-BQGKU,0.27
4957-SREEC,0.26
8750-QWZAJ,0.26
1403-GYAFU,0.26
9365-CSLBQ,0.25
8229-BUJHX,0.25
3173-WSSUE,0.25
1052-QJIBV,0.25
0831-JNISG,0.25
0264-CNITK,0.25
3642-BYHDO,0.25
3996-ZNWYK,0.25
3279-DYZQM,0.25
4817-KEQSP,0.25
4086-WITJG,0.25
2804-ETQDK,0.25
1764-VUUMT,0.24
0640-YJTPY,0.24
1166-PQLGG,0.24
0464-WJTKO,0.24
0794-YVSGE,0.24
6928-ONTRW,0.24
4277-BWBML,0.24
0784-ZQJZX,0.19
